slug,type,author,title,series,number
sin-in-the-second-city-madams-ministers-playboys-and-the-battle-for-americas-soul-abbott,book,Karen Abbott,"Sin in the Second City: Madams, Ministers, Playboys, and the Battle for America's Soul",,
soldiers-of-reason-the-rand-corporation-and-the-rise-of-the-american-empire-abella,book,Alex Abella,Soldiers Of Reason: The RAND Corporation And The Rise Of The American Empire,,
half-a-king-abercrombie,book,Joe Abercrombie,Half a King,Shattered Sea,1
half-a-war-abercrombie-keating,audiobook,Joe Abercrombie,Half a War,Shattered Sea,3
half-the-world-abercrombie-keating,audiobook,Joe Abercrombie,Half the World,Shattered Sea,2
all-the-pieces-matter-the-inside-story-of-the-wire-abrams,book,Jonathan Abrams,All the Pieces Matter: The Inside Story of The Wire,,
band-of-blades-acimovic-john-leboeuf-little,rpg,Stras Acimovic,Band of Blades,,
scum-and-villainy-acimovic-john-leboeuf-little,rpg,Stras Acimovic,Scum and Villainy,,
life-the-universe-and-everything-adams,book,Douglas Adams,"Life, the Universe and Everything",The Hitchhiker’s Guide to the Galaxy,3
mostly-harmless-adams,book,Douglas Adams,Mostly Harmless,The Hitchhiker’s Guide to the Galaxy,5
so-long-and-thanks-for-all-the-fish-adams,book,Douglas Adams,"So Long, and Thanks for All the Fish",The Hitchhiker’s Guide to the Galaxy,4
the-hitchhikers-guide-to-the-galaxy-adams,book,Douglas Adams,The Hitchhiker’s Guide to the Galaxy,The Hitchhiker’s Guide to the Galaxy,1
the-long-dark-tea-time-of-the-soul-adams,book,Douglas Adams,The Long Dark Tea-Time of the Soul,,
the-restaurant-at-the-end-of-the-universe-adams,book,Douglas Adams,The Restaurant at the End of the Universe,The Hitchhiker’s Guide to the Galaxy,2
the-best-war-ever-america-and-world-war-ii-the-american-moment-adams,book,Michael C.C. Adams,The Best War Ever: America and World War II (The American Moment),,
war-of-numbers-an-intelligence-memoir-of-the-vietnam-wars-uncounted-enemy-adams,book,Sam Adams,War of Numbers: An Intelligence Memoir of the Vietnam War's Uncounted Enemy,,
the-heap-adams,book,Sean Adams,The Heap,,
the-goblin-emperor-addison,book,Katherine Addison,The Goblin Emperor,,
an-everlasting-meal-cooking-with-economy-and-grace-adler-alice-waters,book,Tamar Adler,An Everlasting Meal: Cooking with Economy and Grace,,
how-to-disappear-erase-your-digital-footprint-leave-false-trails-and-vanish-without-a-trace-ahearn-eileen-c-horan,book,Frank M. Ahearn,"How to Disappear: Erase your Digital Footprint, Leave False Trails, and Vanish without A Trace",,
comrades-a-revolutionary-rpg-akers,rpg,W.M. Akers,Comrades: A Revolutionary RPG,,
westside-akers,book,W.M. Akers,Westside,Westside,1
westside-saints-akers,book,W.M. Akers,Westside Saints,Westside,2
engineering-the-revolution-arms-and-enlightenment-in-france-1763-1815-alder,book,Ken Alder,"Engineering the Revolution: Arms and Enlightenment in France, 1763-1815",,
infinitesimal-how-a-dangerous-mathematical-theory-shaped-the-modern-world-alexander,book,Amir Alexander,Infinitesimal: How a Dangerous Mathematical Theory Shaped the Modern World,,
the-unwomanly-face-of-war-an-oral-history-of-women-in-world-war-ii-alexievich-richard-pevear,book,Svetlana Alexievich,The Unwomanly Face of War: An Oral History of Women in World War II,,
call-to-arms-allan,book,Jay Allan,Call to Arms,Blood on the Stars,2
duel-in-the-dark-allan,book,Jay Allan,Duel in the Dark,Blood on the Stars,1
disability-in-science-fiction-representations-of-technology-as-cure-allan,book,Kathryn Allan,Disability in Science Fiction: Representations of Technology as Cure,,
the-hold-life-has-coca-and-cultural-identity-in-an-andean-community-allen,book,Catherine J. Allen,The Hold Life Has: Coca and Cultural Identity in an Andean Community,,
meeples-together-how-and-why-cooperative-board-games-work-allen-shannon-appelcline,book,Christopher Allen,Meeples Together: How and Why Cooperative Board Games Work,,
getting-things-done-the-art-of-stress-free-productivity-allen,book,David Allen,Getting Things Done: The Art of Stress-Free Productivity,,
war-games-allen,book,Thomas B. Allen,War Games,,
reconstructing-earth-technology-and-environment-in-the-age-of-humans-allenby,book,Braden R. Allenby,Reconstructing Earth: Technology and Environment in the Age of Humans,,
the-techno-human-condition-allenby-daniel-sarewitz,book,Braden R. Allenby,The Techno-Human Condition,,
we-are-not-one-a-history-of-americas-fight-over-israel-alterman,book,Eric Alterman,We Are Not One: A History of America’s Fight Over Israel,,
the-arsonists-city-alyan,book,Hala Alyan,The Arsonists' City,,
the-command-deep-inside-the-presidents-secret-army-ambinder,book,Marc Ambinder,The Command: Deep Inside The President's Secret Army,,
pegasus-bridge-ambrose,book,Stephen E. Ambrose,Pegasus Bridge,,
the-supreme-commander-the-war-years-of-dwight-d-eisenhower-ambrose-hugh-ambrose,book,Stephen E. Ambrose,The Supreme Commander: The War Years of Dwight D. Eisenhower,,
the-charisma-machine-the-life-death-and-legacy-of-one-laptop-per-child-infrastructures-ames,book,Morgan G. Ames,"The Charisma Machine: The Life, Death, and Legacy of One Laptop per Child (Infrastructures)",,
koba-the-dread-laughter-and-the-twenty-million-amis,book,Martin Amis,Koba the Dread: Laughter and the Twenty Million,,
all-the-birds-in-the-sky-anders,book,Charlie Jane Anders,All the Birds in the Sky,,
imagined-communities-reflections-on-the-origin-and-spread-of-nationalism-anderson,book,Benedict Anderson,Imagined Communities: Reflections on the Origin and Spread of Nationalism,,
kanban-successful-evolutionary-change-for-your-technology-business-anderson,book,David J. Anderson,Kanban: Successful Evolutionary Change for Your Technology Business,,
guerillas-anderson,book,Jon Lee Anderson,Guerillas,,
a-circus-of-hells-flandry-anderson,book,Poul Anderson,A Circus of Hells (Flandry),Flandry,2
ensign-flandry-anderson,book,Poul Anderson,Ensign Flandry,Flandry,1
the-broken-sword-anderson,book,Poul Anderson,The Broken Sword,,
the-rebel-worlds-anderson,book,Poul Anderson,The Rebel Worlds,Flandry,3
three-hearts-and-three-lions-anderson,book,Poul Anderson,Three Hearts and Three Lions,,
the-quiet-americans-four-cia-spies-at-the-dawn-of-the-cold-wara-tragedy-in-three-acts-anderson,book,Scott Anderson,The Quiet Americans: Four CIA Spies at the Dawn of the Cold War—A Tragedy in Three Acts,,
bat-21-anderson,book,William C. Anderson,Bat-21,,
magic-bites-andrews,book,Ilona Andrews,Magic Bites,,
primary-colors-anonymous-joe-klein,book,Anonymous Anonymous,Primary Colors,,
7-seconds-to-die-a-military-analysis-of-the-second-nagorno-karabakh-war-and-the-future-of-warfighting-antal-alexander-kott,book,John Antal,7 Seconds to Die: A Military Analysis of the Second Nagorno-Karabakh War and the Future of Warfighting,,
manufacturing-morals-the-values-of-silence-in-business-school-education-anteby,book,Michel Anteby,Manufacturing Morals: The Values of Silence in Business School Education,,
the-great-indoors-anthes,book,Emily Anthes,"The Great Indoors: The Surprising Science of How Buildings Shape Our Behavior, Health, and Happiness",,
how-to-archer-the-ultimate-guide-to-espionage-and-style-and-women-and-also-cocktails-ever-written-archer,book,Sterling Archer,How to Archer: The Ultimate Guide to Espionage and Style and Women and Also Cocktails Ever Written,,
eichmann-in-jerusalem-a-report-on-the-banality-of-evil-arendt,book,Hannah Arendt,Eichmann in Jerusalem: A Report on the Banality of Evil,,
the-tfx-decision-mcnamara-and-the-military-art,book,Robert J. Art,The TFX Decision: McNamara and the Military,,
the-nature-of-technology-what-it-is-and-how-it-evolves-arthur,book,W. Brian Arthur,The Nature of Technology: What It Is and How It Evolves,,
academically-adrift-limited-learning-on-college-campuses-arum-josipa-roksa,book,Richard Arum,Academically Adrift: Limited Learning on College Campuses,,
the-barbary-coast-an-informal-history-of-the-san-francisco-underworld-asbury,book,Herbert Asbury,The Barbary Coast: An Informal History of the San Francisco Underworld,,
vn-ashby,book,Madeline Ashby,vN,,
foundations-edge-asimov,book,Isaac Asimov,Foundation's Edge,,
robot-dreams-robot-04-asimov-ralph-mcquarrie,book,Isaac Asimov,"Robot Dreams (Robot, #0.4)",,
the-caves-of-steel-asimov,book,Isaac Asimov,The Caves of Steel,,
the-end-of-eternity-asimov,book,Isaac Asimov,The End of Eternity,,
the-gods-themselves-asimov,book,Isaac Asimov,The Gods Themselves,,
a-little-war-that-shook-the-world-georgia-russia-and-the-future-of-the-west-asmus,book,Ronald D. Asmus,"A Little War That Shook the World: Georgia, Russia and the Future of the West",,
a-bitter-peace-washington-hanoi-and-the-making-of-the-paris-agreement-asselin,book,Pierre Asselin,"A Bitter Peace: Washington, Hanoi, and the Making of the Paris Agreement",,
the-british-are-coming-atkinson-newbern,audiobook,Rick Atkinson,"The British Are Coming: The War for America, Lexington to Princeton, 1775-1777",,
supply-side-follies-why-conservative-economics-fails-liberal-economics-falters-and-innovation-economics-is-the-answer-atkinson,book,Robert D. Atkinson,"Supply-Side Follies: Why Conservative Economics Fails, Liberal Economics Falters, and Innovation Economics is the Answer",,
suns-strong-immortality-book-one-of-the-elven-lands-atkinson,book,William Illsey Atkinson,Sun's Strong Immortality: Book One of The Elven Lands,,
maddaddam-atwood,book,Margaret Atwood,MaddAddam,,
city-of-glass-auster,book,Paul Auster,City of Glass,,
pump-six-and-other-stories-bacigalupi,book,Paolo Bacigalupi,Pump Six and Other Stories,,
ship-breaker-bacigalupi,book,Paolo Bacigalupi,Ship Breaker,,
the-water-knife-bacigalupi,book,Paolo Bacigalupi,The Water Knife,,
the-windup-girl-bacigalupi,book,Paolo Bacigalupi,The Windup Girl,,
elatsoe-badger-rovina-cai,book,Darcie Little Badger,Elatsoe,,
red-blood-yellow-skin-a-young-girls-survival-in-war-torn-vietnam-baer,book,Linda L.T. Baer,"Red Blood, Yellow Skin: A Young Girl's Survival in War-Torn Vietnam",,
the-arsenal-of-democracy-fdr-ford-motor-company-and-their-epic-quest-to-arm-an-america-at-war-baime,book,A.J. Baime,"The Arsenal of Democracy: FDR, Ford Motor Company, and Their Epic Quest to Arm an America at War",,
apocalypse-world-baker,rpg,D. Vincent Baker,Apocalypse World,,
remembering-heavens-face-a-story-of-rescue-in-wartime-vietnam-balaban,book,John Balaban,Remembering Heaven's Face: A Story of Rescue in Wartime Vietnam,,
the-fire-next-time-vintage-international-baldwin,book,James Baldwin,The Fire Next Time (Vintage International),,
ukraine-zbigs-grand-chessboard-how-the-west-was-checkmated-baldwin-kermit,book,Natylie Baldwin,Ukraine:  Zbig's Grand Chessboard & How the West Was Checkmated,,
concrete-island-ballard,book,J.G. Ballard,Concrete Island,,
high-rise-ballard-ned-beauman,book,J.G. Ballard,High-Rise,,
the-complete-stories-of-jg-ballard-ballard-martin-amis,book,J.G. Ballard,The Complete Stories of J.G. Ballard,,
the-salt-eaters-bambara,book,Toni Cade Bambara,The Salt Eaters,,
body-of-secrets-anatomy-of-the-ultra-secret-national-security-agency-from-the-cold-war-through-the-dawn-of-a-new-century-bamford,book,James Bamford,Body of Secrets: Anatomy of the Ultra-Secret National Security Agency from the Cold War Through the Dawn of a New Century,,
the-shadow-factory-the-ultra-secret-nsa-from-911-to-the-eavesdropping-on-america-bamford,book,James Bamford,The Shadow Factory: The Ultra-Secret NSA from 9/11 to the Eavesdropping on America,,
cortex-prime-game-handbook-banks-amanda-valentine,rpg,Cam Banks,Cortex Prime Game Handbook,,
the-steep-approach-to-garbadale-banks,book,Iain Banks,The Steep Approach to Garbadale,,
look-to-windward-banks,book,Iain M. Banks,Look to Windward,The Culture,7
developing-focus-group-research-politics-theory-and-practice-barbour-jenny-kitzinger,book,Rosaline S. Barbour,"Developing Focus Group Research: Politics, Theory and Practice",,
finity-barnes,book,John Barnes,Finity,,
sextant-the-elegant-instrument-that-guided-the-great-explorers-and-a-young-mans-first-journey-across-the-atlantic-barrie,book,David Barrie,"Sextant: The Elegant Instrument That Guided the Great Explorers, and a Young Man's First Journey Across the Atlantic",,
consulting-start-up-and-management-a-guide-for-evaluators-and-applied-researchers-barrington,book,Gail V. Barrington,Consulting Start-Up and Management: A Guide for Evaluators and Applied Researchers,,
sleeping-worlds-have-no-memory-barsukov,book,Yaroslav Barsukov,Sleeping Worlds Have No Memory,,
tower-of-mud-and-straw-barsukov,book,Yaroslav Barsukov,Tower of Mud and Straw,,
creating-babylon-5-bassom,book,David Bassom,Creating Babylon 5,,
artillery-batchelor-ian-hogg,book,John Batchelor,Artillery,,
artillery-batchelor-ian-v-hogg,book,John Batchelor,Artillery,,
the-power-of-us-harnessing-our-shared-identities-to-improve-performance-increase-cooperation-and-promote-social-harmony-bavel-dominic-j-packer,book,Jay J. Van Bavel,"The Power of Us: Harnessing Our Shared Identities to Improve Performance, Increase Cooperation, and Promote Social Harmony",,
range-of-ghosts-bear,book,Elizabeth Bear,Range of Ghosts,,
eon-bear,book,Greg Bear,Eon,The Way,1
eternity-bear,book,Greg Bear,Eternity,The Way,2
legacy-bear,book,Greg Bear,Legacy,The Way,0
spqr-a-history-of-ancient-rome-beard,book,Mary Beard,SPQR: A History of Ancient Rome,,
war-chaos-and-history-praeger-security-international-beaumont,book,Roger Beaumont,"War, Chaos, and History (Praeger Security International)",,
appendix-n-the-eldritch-roots-of-dungeons-and-dragons-bebergal-ann-vandermeer,book,Peter Bebergal,Appendix N: The Eldritch Roots of Dungeons and Dragons,,
season-of-the-witch-how-the-occult-saved-rock-and-roll-bebergal,book,Peter Bebergal,Season of the Witch: How the Occult Saved Rock and Roll,,
genesis-beckett,book,Bernard Beckett,Genesis,,
manliness-civilization-a-cultural-history-of-gender-and-race-in-the-united-states-1880-1917-women-in-culture-and-society-bederman,book,Gail Bederman,"Manliness & Civilization: A Cultural History of Gender and Race in the United States, 1880-1917 (Women in Culture and Society)",,
d-day-the-battle-for-normandy-beevor,book,Antony Beevor,D-Day: The Battle for Normandy,,
stalingrad-the-fateful-siege-19421943-beevor,book,Antony Beevor,"Stalingrad: The Fateful Siege, 1942–1943",,
being-jewish-after-the-destruction-of-gaza-beinart,book,Peter Beinart,Being Jewish After the Destruction of Gaza: A Reckoning,,
condition-red-destroyer-action-in-the-south-pacific-bell,book,Frederick J. Bell,Condition Red: Destroyer Action in the South Pacific,,
kill-it-with-fire-manage-aging-computer-systems-and-future-proof-modern-ones-bellotti,book,Marianne Bellotti,Kill It with Fire: Manage Aging Computer Systems (and Future Proof Modern Ones),,
soviet-science-fiction-belyaev-isaac-asimov,book,Alexander Belyaev,Soviet Science Fiction,,
no-bone-unturned-the-adventures-of-a-top-smithsonian-forensic-scientist-and-the-legal-battle-for-americas-oldest-skeletons-benedict,book,Jeff Benedict,No Bone Unturned: The Adventures of a Top Smithsonian Forensic Scientist and the Legal Battle for America's Oldest Skeletons,,
city-of-thieves-benioff,book,David Benioff,City of Thieves,,
preparing-for-the-possibility-of-a-north-korean-collapse-bennett,book,Bruce W. Bennett,Preparing for the Possibility of a North Korean Collapse,,
a-drop-of-corruption-bennett,audiobook,Robert Jackson Bennett,A Drop of Corruption,Shadow of the Leviathan,2
city-of-blades-bennett,book,Robert Jackson Bennett,City of Blades,Divine Cities,2
city-of-miracles-bennett,book,Robert Jackson Bennett,City of Miracles,Divine Cities,3
city-of-stairs-bennett,book,Robert Jackson Bennett,City of Stairs,Divine Cities,1
foundryside-bennett,book,Robert Jackson Bennett,Foundryside,Foundryside,1
the-tainted-cup-bennett,book,Robert Jackson Bennett,The Tainted Cup,Shadow of the Leviathan,1
payments-systems-in-the-us-benson-scott-loftesness,book,Carol Coye Benson,Payments Systems in the U.S.,,
gangsters-vs-nazis-how-jewish-mobsters-battled-nazis-in-wartime-america-benson,book,Michael Benson,Gangsters vs. Nazis: How Jewish Mobsters Battled Nazis in Wartime America,,
dinosaurs-rediscovered-the-scientific-revolution-in-paleontology-the-rediscovered-series-benton,book,Michael J. Benton,Dinosaurs Rediscovered: The Scientific Revolution in Paleontology (The Rediscovered Series),,
a-more-beautiful-question-the-power-of-inquiry-to-spark-breakthrough-ideas-berger,book,Warren Berger,A More Beautiful Question: The Power of Inquiry to Spark Breakthrough Ideas,,
rise-and-kill-first-the-secret-history-of-israels-targeted-assassinations-bergman,book,Ronen Bergman,Rise and Kill First: The Secret History of Israel's Targeted Assassinations,,
perfect-spy-the-incredible-double-life-of-pham-xuan-an-time-magazine-reporter-and-vietnamese-communist-agent-berman,book,Larry Berman,Perfect Spy: The Incredible Double Life of Pham Xuan An - Time Magazine Reporter and Vietnamese Communist Agent,,
research-methods-in-anthropology-qualitative-and-quantitative-approaches-bernard,book,H. Russell Bernard,Research Methods in Anthropology: Qualitative and Quantitative Approaches,,
turings-vision-the-birth-of-computer-science-bernhardt,book,Chris Bernhardt,Turing's Vision: The Birth of Computer Science,,
the-demolished-man-bester-harry-harrison,book,Alfred Bester,The Demolished Man,,
zoo-city-beukes,book,Lauren Beukes,Zoo City,,
the-jakarta-method-washingtons-anticommunist-crusade-and-the-mass-murder-program-that-shaped-our-world-bevins,book,Vincent Bevins,The Jakarta Method: Washington's Anticommunist Crusade and the Mass Murder Program that Shaped Our World,,
the-ghost-army-of-world-war-ii-how-one-top-secret-unit-deceived-the-enemy-with-inflatable-tanks-sound-effects-and-other-audacious-fakery-beyer-elizabeth-sayles,book,Rick Beyer,"The Ghost Army of World War II: How One Top-Secret Unit Deceived the Enemy with Inflatable Tanks, Sound Effects, and Other Audacious Fakery",,
the-red-earth-a-vietnamese-memoir-of-life-on-a-colonial-rubber-plantation-volume-66-ohio-ris-southeast-asia-series-binh-john-spragens-jr,book,Tran Tu Binh,The Red Earth: A Vietnamese Memoir of Life on a Colonial Rubber Plantation (Volume 66) (Ohio RIS Southeast Asia Series),,
tithe-black,book,Holly Black,Tithe,,
operation-underworld-how-the-mafia-and-us-government-teamed-up-to-win-world-war-ii-black,book,Matthew Black,Operation Underworld: How the Mafia and U.S. Government Teamed Up to Win World War II,,
the-best-way-to-rob-a-bank-is-to-own-one-how-corporate-executives-and-politicians-looted-the-sl-industry-black,book,William K. Black,The Best Way to Rob a Bank Is to Own One: How Corporate Executives and Politicians Looted the S&L Industry,,
iraq-100-stories-from-a-century-after-the-invasion-blasim-hassan-abdulrazzak,book,Hassan Blasim,Iraq +100: stories from a century after the invasion,,
vietnam-if-kennedy-had-lived-virtual-jfk-blight-janet-m-lang,book,James G. Blight,Vietnam If Kennedy Had Lived: Virtual JFK,,
a-case-of-conscience-blish-greg-bear,book,James Blish,A Case of Conscience,,
five-star-science-fictionfantasy-in-this-world-or-another-blish,book,James Blish,"Five Star Science Fiction/Fantasy - In This World, or Another",,
the-burglar-in-the-library-block,book,Lawrence Block,The Burglar in the Library,Bernie Rhodenbarr,10
the-burglar-who-thought-he-was-bogart-block,book,Lawrence Block,The Burglar Who Thought He Was Bogart,Bernie Rhodenbarr,9
the-burglar-who-traded-ted-williams-block,book,Lawrence Block,The Burglar Who Traded Ted Williams,Bernie Rhodenbarr,7
the-sins-of-the-fathers-block,book,Lawrence Block,The Sins of the Fathers,,
the-nasaga-training-activity-book-blohm,book,Judith M. Blohm,The NASAGA Training Activity Book,,
the-weather-machine-a-journey-inside-the-forecast-blum,book,Andrew Blum,The Weather Machine: A Journey Inside the Forecast,,
blood-neon-blumenau-val,rpg,Adam Blumenau,Blood Neon,,
the-management-of-savagery-how-americas-national-security-state-fueled-the-rise-of-al-qaeda-isis-and-donald-trump-blumenthal,book,Max Blumenthal,"The Management of Savagery: How America's National Security State Fueled the Rise of Al Qaeda, ISIS, and Donald Trump",,
in-the-vanishers-palace-bodard,book,Aliette de Bodard,In the Vanishers’ Palace,,
on-a-red-station-drifting-bodard,book,Aliette de Bodard,"On a Red Station, Drifting",,
red-star-the-first-bolshevik-utopia-bogdanov-charles-rougle,book,Alexandr Bogdanov,Red Star: The First Bolshevik Utopia,,
alien-phenomenology-or-what-its-like-to-be-a-thing-posthumanities-bogost,book,Ian Bogost,"Alien Phenomenology, or What It’s Like to Be a Thing (Posthumanities)",,
distant-star-bolano-chris-andrews,book,Roberto Bolaño,Distant Star,,
growing-up-in-a-culture-of-respect-child-rearing-in-highland-peru-bolin,book,Inge Bolin,Growing Up in a Culture of Respect: Child Rearing in Highland Peru,,
the-savage-wars-of-peace-small-wars-and-the-rise-of-american-power-boot,book,Max Boot,The Savage Wars Of Peace: Small Wars And The Rise Of American Power,,
eat-more-comics-the-best-of-the-nib-bors-eleri-harris,book,Matt Bors,Eat More Comics: The Best of the Nib,,
justice-warriors-bors-ben-clarkson,book,Matt Bors,Justice Warriors,,
how-the-university-works-higher-education-and-the-low-wage-nation-cultural-front-bousquet-cary-nelson,book,Marc Bousquet,How the University Works: Higher Education and the Low-Wage Nation (Cultural Front),,
hue-1968-a-turning-point-of-the-american-war-in-vietnam-bowden,book,Mark Bowden,Huế  1968: A Turning Point of the American War in Vietnam,,
sorting-things-out-classification-and-its-consequences-bowker-susan-leigh-star,book,Geoffrey C. Bowker,Sorting Things Out: Classification and Its Consequences,,
stratofortress-the-story-of-the-b-52-bowman,book,Martin W. Bowman,Stratofortress: The Story of the B-52,,
eclipse-phase-the-roleplaying-game-of-transhuman-conspiracy-and-horror-eclipse-phase-1st-edition-boyle-lars-blumenstein,rpg,Rob Boyle,Eclipse Phase: The Roleplaying Game of Transhuman Conspiracy and Horror (Eclipse Phase 1st Edition),,
i-sing-the-body-electric-and-other-stories-bradbury,book,Ray Bradbury,I Sing the Body Electric! and Other Stories,,
the-martian-chronicles-bradbury-michael-whelan,book,Ray Bradbury,The Martian Chronicles,,
timeless-stories-for-today-and-tomorrow-bradbury-john-cheever,book,Ray Bradbury,Timeless Stories for Today and Tomorrow,,
connect-building-exceptional-relationships-with-family-friends-and-colleagues-bradford-carole-robin,book,David L. Bradford,"Connect: Building Exceptional Relationships with Family, Friends, and Colleagues",,
the-great-betrayal-the-great-siege-of-constantinople-bradford,book,Ernle Bradford,The Great Betrayal: The Great Siege of Constantinople,,
the-great-ship-how-battleships-changed-the-history-of-war-bradford,book,Ernle Bradford,The Great Ship: How Battleships Changed the History of War,,
flags-of-our-fathers-movie-tie-in-edition-bradley-ron-powers,book,James D. Bradley,Flags of Our Fathers (Movie Tie-in Edition),,
the-coldest-war-a-memoir-of-korea-brady,book,James Brady,The Coldest War: A Memoir of Korea,,
how-buildings-learn-what-happens-after-theyre-built-brand,book,Stewart Brand,How Buildings Learn: What Happens After They're Built,,
traitor-to-his-class-the-privileged-life-and-radical-presidency-of-franklin-delano-roosevelt-brands,audiobook,H.W. Brands,Traitor to His Class: The Privileged Life and Radical Presidency of Franklin Delano Roosevelt,,
wetware-a-computer-in-every-living-cell-bray,book,Dennis Bray,Wetware: A Computer in Every Living Cell,,
fire-ant-brazee,book,Jonathan P. Brazee,Fire Ant,,
mastering-the-art-of-soviet-cooking-a-memoir-of-food-and-longing-bremzen,book,Anya von Bremzen,Mastering the Art of Soviet Cooking: A Memoir of Food and Longing,,
hunter-killer-squadron-aero-weapons-aero-scouts-aero-rifles-vietnam-1965-1972-brennan,book,Matthew Brennan,"Hunter-Killer Squadron: Aero-Weapons, Aero-Scouts, Aero-Rifles (Vietnam 1965-1972)",,
the-hunger-habit-why-we-eat-when-were-not-hungry-and-how-to-stop-brewer,book,Judson Brewer,The Hunger Habit: Why We Eat When We're Not Hungry and How to Stop,,
personnel-of-fairyland-a-short-account-of-the-fairy-people-of-great-britain-for-those-who-tell-stories-to-children-briggs,book,Katharine M. Briggs,Personnel of Fairyland: A Short Account of the Fairy People of Great Britain for Those Who Tell Stories to Children,,
the-truth-stage-adaptation-briggs-terry-pratchett,book,Stephen Briggs,The Truth: Stage Adaptation,,
reckless-henry-kissinger-and-the-tragedy-of-vietnam-brigham,book,Robert K. Brigham,Reckless: Henry Kissinger and The Tragedy of Vietnam,,
this-is-a-true-war-story-brigham,book,Robert K. Brigham,This Is a True War Story: My Improbable History with Vietnam,,
startide-rising-uplift-trilogy-book-2-brin,book,David Brin,Startide Rising (Uplift Trilogy Book 2),Uplift Saga,2
the-uplift-war-brin,book,David Brin,The Uplift War,Uplift Saga,3
star-warriors-broad,book,William J. Broad,Star Warriors,,
tellers-war-the-top-secret-story-behind-the-star-wars-deception-broad,book,William J. Broad,Teller's War: The Top-Secret Story Behind the Star Wars Deception,,
nurtureshock-new-thinking-about-children-bronson-ashley-merryman,audiobook,Po Bronson,NurtureShock: New Thinking About Children,,
fathering-your-toddler-a-dads-guide-to-the-second-and-third-years-new-father-series-brott,book,Armin A. Brott,Fathering Your Toddler: A Dad's Guide To The Second And Third Years (New Father Series),,
going-downtown-the-war-against-hanoi-and-washington-broughton,book,Jack Broughton,Going Downtown: The War Against Hanoi and Washington,,
bodyguard-of-lies-brown,book,Anthony Cave Brown,Bodyguard of Lies,,
daring-greatly-how-the-courage-to-be-vulnerable-transforms-the-way-we-live-love-parent-and-lead-brown,book,Brené Brown,"Daring Greatly: How the Courage to Be Vulnerable Transforms the Way We Live, Love, Parent, and Lead",,
the-gifts-of-imperfection-brown,book,Brené Brown,The Gifts of Imperfection,,
science-in-democracy-expertise-institutions-and-representation-mit-press-brown,book,Mark B. Brown,"Science in Democracy: Expertise, Institutions, and Representation (Mit Press)",,
golden-son-brown,book,Pierce Brown,Golden Son,Red Rising,2
morning-star-brown,book,Pierce Brown,Morning Star,Red Rising,3
red-rising-brown,book,Pierce Brown,Red Rising,Red Rising,1
undoing-the-demos-neoliberalisms-stealth-revolution-near-futures-4-brown,book,Wendy Brown,"Undoing the Demos: Neoliberalism’s Stealth Revolution (Near Futures, 4)",,
ordinary-men-reserve-police-battalion-101-and-the-final-solution-in-poland-browning,book,Christopher R. Browning,Ordinary Men: Reserve Police Battalion 101 and the Final Solution in Poland,,
sematech-saving-the-us-semiconductor-industry-volume-10-kenneth-e-montague-series-in-oil-and-business-history-browning-judy-c-shetler,book,Larry D. Browning,Sematech: Saving the U.S. Semiconductor Industry (Volume 10) (Kenneth E. Montague Series in Oil and Business History),,
renaissance-florence-brucker,book,Gene A. Brucker,Renaissance Florence,,
stand-on-zanzibar-brunner,book,John Brunner,Stand on Zanzibar,,
spam-a-shadow-history-of-the-internet-infrastructures-brunton,book,Finn Brunton,Spam: A Shadow History of the Internet (Infrastructures),,
race-against-the-machine-brynjolfsson-andrew-mcafee,book,Erik Brynjolfsson,Race Against The Machine,,
notes-from-a-small-island-bryson,book,Bill Bryson,Notes from a Small Island,,
i-and-thou-buber-walter-kaufmann,book,Martin Buber,I and Thou,,
better-than-human-the-promise-and-perils-of-enhancing-ourselves-buchanan,book,Allen Buchanan,Better than Human: The Promise and Perils of Enhancing Ourselves,,
beyond-humanityethics-of-biomedical-enhancement-the-ethics-of-biomedical-enhancement-uehiro-series-in-practical-ethics-buchanan,book,Allen Buchanan,BEYOND HUMANITY?:ETHICS OF BIOMEDICAL ENHANCEMENT: The Ethics Of Biomedical Enhancement (Uehiro Series In Practical Ethics),,
brigador-buckmaster-benjamin-glover,book,Bradley Buckmaster,Brigador,,
perilous-fight-americas-intrepid-war-with-britain-on-the-high-seas-1812-1815-budiansky,book,Stephen Budiansky,"Perilous Fight: America's Intrepid War with Britain on the High Seas, 1812-1815",,
between-two-fires-buehlman,book,Christopher Buehlman,Between Two Fires,,
the-blacktongue-thief-buehlman,book,Christopher Buehlman,The Blacktongue Thief,Blacktongue,1
the-daughters-war-buehlman,audiobook,Christopher Buehlman,The Daughters' War,Blacktongue,0
among-the-thugs-vintage-departures-buford,book,Bill Buford,Among the Thugs (Vintage Departures),,
the-icarus-syndrome-the-role-of-air-power-theory-in-the-evolution-and-fate-of-the-us-air-force-builder,book,Carl H. Builder,The Icarus Syndrome: The Role of Air Power Theory in the Evolution and Fate of the U.S. Air Force,,
a-civil-campaign-bujold,book,Lois McMaster Bujold,A Civil Campaign,Vorkosigan Saga,16
barrayar-bujold,book,Lois McMaster Bujold,Barrayar,Vorkosigan Saga,11
brothers-in-arms-bujold,book,Lois McMaster Bujold,Brothers in Arms,Vorkosigan Saga,5
cetaganda-bujold,book,Lois McMaster Bujold,Cetaganda,Vorkosigan Saga,13
diplomatic-immunity-bujold,book,Lois McMaster Bujold,Diplomatic Immunity,Vorkosigan Saga,17
ethan-of-athos-bujold,book,Lois McMaster Bujold,Ethan of Athos,Vorkosigan Saga,3
falling-free-bujold-suford-lewis,book,Lois McMaster Bujold,Falling Free,Vorkosigan Saga,4
komarr-bujold,book,Lois McMaster Bujold,Komarr,Vorkosigan Saga,15
memory-bujold,book,Lois McMaster Bujold,Memory,Vorkosigan Saga,14
mirror-dance-bujold,book,Lois McMaster Bujold,Mirror Dance,Vorkosigan Saga,12
paladin-of-souls-bujold,book,Lois McMaster Bujold,Paladin of Souls,Curse of Chalion,2
shards-of-honor-bujold,book,Lois McMaster Bujold,Shards of Honor,Vorkosigan Saga,1
the-borders-of-infinity-bujold,book,Lois McMaster Bujold,The Borders of Infinity,Vorkosigan Saga,8
the-borders-of-infinity-vorkosigan-saga-53-bujold,book,Lois McMaster Bujold,"The Borders of Infinity (Vorkosigan Saga, #5.3)",Vorkosigan Saga,8
the-vor-game-bujold,book,Lois McMaster Bujold,The Vor Game,Vorkosigan Saga,10
the-warriors-apprentice-bujold,book,Lois McMaster Bujold,The Warrior's Apprentice,Vorkosigan Saga,2
at-close-quarters-pt-boats-in-the-united-states-navy-bulkley-john-f-kennedy,book,Robert J. Bulkley,At Close Quarters: PT Boats in the United States Navy,,
the-last-legion-bunch,book,Chris Bunch,The Last Legion,,
piano-burning-and-other-fighter-pilot-traditions-burgon,book,Rob Burgon,Piano Burning and Other Fighter Pilot Traditions,,
dog-eat-dog-rpg-burke,rpg,Liam Liwanag Burke,Dog Eat Dog RPG,,
designing-your-life-build-a-life-that-works-for-you-burnett-dave-evans,book,Bill Burnett,Designing Your Life: Build a Life that Works for You,,
pathfinder-first-in-last-out-a-memoir-of-vietnam-burns,book,Richard R. Burns,"Pathfinder: First In, Last Out: A Memoir of Vietnam",,
imaginative-writing-the-elements-of-craft-penguin-academics-series-burroway,book,Janet Burroway,Imaginative Writing: The Elements of Craft (Penguin Academics Series),,
parable-of-the-sower-butler,book,Octavia E. Butler,Parable of the Sower,,
wild-seed-butler,book,Octavia E. Butler,Wild Seed,,
buttericks-practical-typography-butterick-erik-spiekermann,book,Matthew Butterick,Butterick's Practical Typography,,
mind-map-mastery-the-complete-guide-to-learning-and-using-the-most-powerful-thinking-tool-in-the-universe-buzan,book,Tony Buzan,Mind Map Mastery: The Complete Guide to Learning and Using the Most Powerful Thinking Tool in the Universe,,
gladius-the-world-of-the-roman-soldier-bedoyere,book,Guy de la Bédoyère,Gladius: The World of the Roman Soldier,,
the-red-knight-cameron,book,Miles Cameron,The Red Knight,,
sinless-chrome-sorcery-table-top-role-playing-game-campbell-james-shields,rpg,Courtney C Campbell,Sinless: Chrome & Sorcery Table Top Role Playing Game,,
ad-astra-campbell,book,Jack Campbell,Ad Astra,,
courageous-campbell,book,Jack Campbell,Courageous,Lost Fleet,3
dauntless-campbell,book,Jack Campbell,Dauntless,Lost Fleet,1
dreadnaught-campbell,book,Jack Campbell,Dreadnaught,Lost Fleet: Beyond the Frontiers,1
fearless-campbell,book,Jack Campbell,Fearless,Lost Fleet,2
guardian-campbell,book,Jack Campbell,Guardian,Lost Fleet: Beyond the Frontiers,3
invincible-campbell,book,Jack Campbell,Invincible,Lost Fleet: Beyond the Frontiers,2
leviathan-campbell,book,Jack Campbell,Leviathan,Lost Fleet: Beyond the Frontiers,5
relentless-campbell,book,Jack Campbell,Relentless,Lost Fleet,5
steadfast-campbell,book,Jack Campbell,Steadfast,Lost Fleet: Beyond the Frontiers,4
valiant-campbell,book,Jack Campbell,Valiant,Lost Fleet,4
victorious-campbell,book,Jack Campbell,Victorious,Lost Fleet,6
nova-campbell,rpg,Spencer Campbell,Nova,,
biopolitics-a-reader-a-john-hope-franklin-center-book-campbell-adam-sitze,book,Timothy C. Campbell,Biopolitics: A Reader (a John Hope Franklin Center Book),,
enders-game-card,book,Orson Scott Card,Ender’s Game,Ender’s Game,1
speaker-for-the-dead-card,book,Orson Scott Card,Speaker for the Dead,Ender’s Game,2
after-the-deluge-carlsson,book,Chris Carlsson,After the Deluge,,
how-to-win-friends-influence-people-carnegie,book,Dale Carnegie,How to Win Friends & Influence People,,
minds-on-fire-how-role-immersion-games-transform-college-carnes,book,Mark C. Carnes,Minds on Fire: How Role-Immersion Games Transform College,,
bad-blood-secrets-and-lies-in-a-silicon-valley-startup-carreyrou,book,John Carreyrou,Bad Blood: Secrets and Lies in a Silicon Valley Startup,,
tinker-tailor-soldier-spy-carre,book,John le Carré,"Tinker, Tailor, Soldier, Spy",,
the-professor-and-other-writings-castle,book,Terry Castle,The Professor and Other Writings,,
kgbcia-intelligence-and-counter-intelligence-operations-celina-bledowska-jonathan-bloch,book,celina-bledowska celina-bledowska,KGB/CIA: Intelligence and Counter-Intelligence Operations,,
computing-a-concise-history-the-mit-press-essential-knowledge-series-ceruzzi,book,Paul E. Ceruzzi,Computing: A Concise History (The MIT Press Essential Knowledge series),,
the-yiddish-policemens-union-chabon,book,Michael Chabon,The Yiddish Policemen's Union,,
space-1889-science-fiction-role-playing-in-a-more-civilized-time-chadwick-david-r-dietrick,rpg,Frank Chadwick,Space 1889: Science Fiction Role Playing in a More Civilized Time,,
the-city-of-brass-chakraborty,book,S.A. Chakraborty,The City of Brass,The Daevabad Trilogy,1
the-empire-of-gold-chakraborty,book,S.A. Chakraborty,The Empire of Gold,The Daevabad Trilogy,3
the-kingdom-of-copper-chakraborty,book,S.A. Chakraborty,The Kingdom of Copper,The Daevabad Trilogy,2
the-cold-wars-killing-fields-rethinking-the-long-peace-chamberlin,book,Paul Thomas Chamberlin,The Cold War's Killing Fields: Rethinking the Long Peace,,
a-closed-and-common-orbit-chambers,book,Becky Chambers,A Closed and Common Orbit,,
the-big-sleep-chandler,book,Raymond Chandler,The Big Sleep,,
green-zone-imperial-life-in-the-emerald-city-chandrasekaran,book,Rajiv Chandrasekaran,Green Zone: Imperial Life in the Emerald City,,
the-five-love-languages-how-to-express-heartfelt-commitment-to-your-mate-chapman,book,Gary Chapman,The Five Love Languages: How to Express Heartfelt Commitment to Your Mate,,
flying-circus-the-high-flying-adventure-game-chappell,rpg,Erika Chappell,Flying Circus: The High-Flying Adventure Game,,
lieutenant-fusilier-in-the-farthest-reaches-chappell-molly-skyfire,book,Erika Chappell,Lieutenant Fusilier in the Farthest Reaches,,
oath-of-moment-chappell-,rpg,Erika Chappell,Oath of Moment,,
patrol-military-roleplay-in-the-20th-century-chappell,rpg,Erika Chappell,Patrol: Military Roleplay in the 20th Century,,
born-in-blood-and-fire-a-concise-history-of-latin-america-chasteen,book,John Charles Chasteen,Born in Blood and Fire: A Concise History of Latin America,,
the-canterbury-tales-chaucer-burton-raffel,book,Geoffrey Chaucer,The Canterbury Tales,,
grant-chernow,book,Ron Chernow,Grant,,
cyteen-cyteen-1-3-cherryh,book,C.J. Cherryh,"Cyteen (Cyteen, #1-3)",,
downbelow-station-cherryh,book,C.J. Cherryh,Downbelow Station,,
robota-chiang-orson-scott-card,book,Doug Chiang,Robota,,
exhalation-chiang,book,Ted Chiang,Exhalation,,
stories-of-your-life-and-others-chiang,book,Ted Chiang,Stories of Your Life and Others,,
the-gun-chivers,book,C.J. Chivers,The Gun,,
black-water-sister-cho,book,Zen Cho,Black Water Sister,,
the-innovators-dilemma-the-revolutionary-book-that-will-change-the-way-you-do-business-christensen,book,Clayton M. Christensen,The Innovator's Dilemma: The Revolutionary Book that Will Change the Way You Do Business,,
the-innovators-soluton-creating-and-sustaining-successful-growth-christensen-michael-e-raynor,book,Clayton M. Christensen,The Innovator's Solut!on: Creating and Sustaining Successful Growth,,
finna-cipri,book,Nino Cipri,Finna,,
deaths-end-cixin-ken-liu,book,Liu Cixin,Death's End,The Three-Body Problem,3
the-dark-forest-cixin-joel-martinsen,book,Liu Cixin,The Dark Forest,The Three-Body Problem,2
the-three-body-problem-cixin-ken-liu,book,Liu Cixin,The Three-Body Problem,The Three-Body Problem,1
the-cardinal-of-the-kremlin-clancy,book,Tom Clancy,The Cardinal of the Kremlin,,
ignition-an-informal-history-of-liquid-rocket-propellants-clark,book,John Drury Clark,Ignition!: An informal history of liquid rocket propellants,,
guns-up-clark,book,Johnnie M. Clark,Guns Up!,,
the-role-of-the-bomber-clark,book,Ronald William Clark,The Role of the Bomber,,
biomedicalization-technoscience-health-and-illness-in-the-us-clarke-laura-mamo,book,Adele E. Clarke,"Biomedicalization: Technoscience, Health, and Illness in the U.S.",,
a-fall-of-moondust-clarke,book,Arthur C. Clarke,A Fall of Moondust,,
rendezvous-with-rama-clarke,book,Arthur C. Clarke,Rendezvous With Rama,,
the-fountains-of-paradise-clarke,book,Arthur C. Clarke,The Fountains of Paradise,,
jonathan-strange-mr-norrell-clarke,book,Susanna Clarke,Jonathan Strange & Mr Norrell,,
piranesi-clarke,book,Susanna Clarke,Piranesi,,
on-war-clausewitz-michael-eliot-howard,book,Carl von Clausewitz,On War,,
soul-on-ice-cleaver-maxwell-geismar,book,Eldridge Cleaver,Soul on Ice,,
the-tonkin-gulf-yacht-club-naval-aviation-in-the-vietnam-war-cleaver,book,Thomas McKelvey Cleaver,The Tonkin Gulf Yacht Club: Naval Aviation in the Vietnam War,,
the-american-way-of-irregular-war-an-analytical-memoir-cleveland-daniel-egel,book,Charles T. Cleveland,The American Way of Irregular War: An Analytical Memoir,,
theyd-rather-be-right-clifton-frank-riley,book,Mark Clifton,They'd Rather Be Right,,
1177-bc-the-year-civilization-collapsed-cline-barry-s-strauss,book,Eric H. Cline,1177 B.C.: The Year Civilization Collapsed,,
ready-player-one-cline,book,Ernest Cline,Ready Player One,,
dungeon-masters-guide-2-dungeons-dragons-4th-edition-coast-mike-mearls,rpg,Wizards of the Coast,"Dungeon Master's Guide 2 (Dungeons & Dragons, 4th Edition)",,
manual-of-the-planes-dungeons-dragons-4th-edition-coast,rpg,Wizards of the Coast,"Manual of the Planes (Dungeons & Dragons, 4th Edition)",,
the-technology-pork-barrel-cohen,book,Linda R. Cohen,The Technology Pork Barrel,,
by-the-sword-a-history-of-gladiators-musketeers-samurai-swashbucklers-and-olympic-champions-cohen,book,Richard Cohen,"By the Sword: A History of Gladiators, Musketeers, Samurai, Swashbucklers, and Olympic Champions",,
making-history-the-storytellers-who-shaped-the-past-cohen,book,Richard Cohen,Making History: The Storytellers Who Shaped the Past,,
the-achilles-trap-coll,audiobook,Steve Coll,"The Achilles Trap: Saddam Hussein, the C.I.A., and the Origins of America's Invasion of Iraq",,
introduction-to-sociology-college-heather-griffiths,book,OpenStax College,Introduction to Sociology,,
the-gun-the-ship-and-the-pen-warfare-constitutions-and-the-making-of-the-modern-world-colley,book,Linda Colley,"The Gun, the Ship, and the Pen: Warfare, Constitutions, and the Making of the Modern World",,
post-soviet-social-neoliberalism-social-modernity-biopolitics-collier,book,Stephen J. Collier,"Post-Soviet Social: Neoliberalism, Social Modernity, Biopolitics",,
killing-rage-collins-mick-mcgovern,book,Eamon Collins,Killing Rage,,
the-golem-what-you-should-know-about-science-canto-collins-trevor-pinch,book,Harry Collins,The Golem: What You Should Know about Science (Canto),,
lightning-joe-an-autobiography-collins,book,J. Lawton Collins,Lightning Joe: An Autobiography,,
catching-fire-collins,book,Suzanne Collins,Catching Fire,The Hunger Games,2
mockingjay-collins,book,Suzanne Collins,Mockingjay,The Hunger Games,3
the-hunger-games-collins,book,Suzanne Collins,The Hunger Games,The Hunger Games,1
a-higher-loyalty-truth-lies-and-leadership-comey,book,James B. Comey,"A Higher Loyalty: Truth, Lies, and Leadership",,
the-card-catalog-books-cards-and-literary-treasures-congress-carla-hayden,book,Library of Congress,"The Card Catalog: Books, Cards, and Literary Treasures",,
rising-sun-and-tumbling-bear-cassell-military-paperbacks-connaughton,book,Richard M. Connaughton,Rising Sun And Tumbling Bear (CASSELL MILITARY PAPERBACKS),,
one-man-connolly,book,Harry Connolly,One Man,,
the-medicalization-of-society-on-the-transformation-of-human-conditions-into-treatable-disorders-conrad,book,Peter Conrad,The Medicalization of Society: On the Transformation of Human Conditions into Treatable Disorders,,
belfast-diary-war-as-a-way-of-life-conroy,book,John Conroy,Belfast Diary: War as a Way of Life,,
the-twelve-apostles-michael-collins-the-squad-and-irelands-fight-for-freedom-coogan,book,Tim Pat Coogan,"The Twelve Apostles: Michael Collins, the Squad and Ireland's Fight for Freedom",,
shadows-linger-cook,book,Glen Cook,Shadows Linger,The Black Company,2
the-black-company-cook,book,Glen Cook,The Black Company,The Black Company,1
the-white-rose-cook,book,Glen Cook,The White Rose,The Black Company,3
participation-the-new-tyranny-cooke-uma-kothari,book,Bill Cooke,Participation: The New Tyranny?,,
enhancing-the-effectiveness-of-team-science-cooke-margaret-l-hilton,book,Nancy J. Cooke,Enhancing the Effectiveness of Team Science,,
fighter-a-history-of-fighter-aircraft-cooper,book,Bryan Cooper,Fighter: A history of fighter aircraft,,
boyd-the-fighter-pilot-who-changed-the-art-of-war-coram,book,Robert Coram,Boyd: The Fighter Pilot Who Changed the Art of War,,
abaddons-gate-corey,book,James S.A. Corey,Abaddon’s Gate,The Expanse,3
calibans-war-corey,book,James S.A. Corey,Caliban’s War,The Expanse,2
leviathan-wakes-corey,book,James S.A. Corey,Leviathan Wakes,The Expanse,1
the-lost-child-of-lychford-cornell,book,Paul Cornell,The Lost Child of Lychford,,
witches-of-lychford-cornell,book,Paul Cornell,Witches of Lychford,,
gone-native-an-ncos-story-cornett,book,Alan Cornett,Gone Native: An NCO's Story,,
the-zen-of-fish-the-story-of-sushi-from-samurai-to-supermarket-corson,book,Trevor Corson,"The Zen of Fish: The Story of Sushi, from Samurai to Supermarket",,
corsairville-the-lost-domain-of-the-flying-boat-coster,book,Graham Coster,Corsairville: The Lost Domain of the Flying Boat,,
the-deadly-life-of-logistics-mapping-violence-in-global-trade-cowen,book,Deborah Cowen,The Deadly Life of Logistics: Mapping Violence in Global Trade,,
the-culture-code-the-secrets-of-highly-successful-groups-coyle,book,Daniel Coyle,The Culture Code: The Secrets of Highly Successful Groups,,
the-workshop-and-the-world-what-ten-thinkers-can-teach-us-about-science-and-authority-crease,book,Robert P. Crease,The Workshop and the World: What Ten Thinkers Can Teach Us About Science and Authority,,
command-in-war-creveld,book,Martin van Creveld,Command in War,,
the-culture-of-war-creveld,book,Martin van Creveld,The Culture of War,,
the-hidden-threat-mines-and-minesweeping-reserve-in-wwi-crossley,book,Jim Crossley,The Hidden Threat: Mines and Minesweeping Reserve in WWI,,
the-rightful-place-of-science-politics-crow-david-guston,book,Michael Crow,The Rightful Place of Science: Politics,,
designing-the-new-american-university-crow,book,Michael M. Crow,Designing the New American University,,
the-master-of-confessions-the-making-of-a-khmer-rouge-torturer-cruvellier,book,Thierry Cruvellier,The Master of Confessions: The Making of a Khmer Rouge Torturer,,
solenoid-cartarescu,book,Mircea Cărtărescu,Solenoid,,
the-incas-daltroy,book,Terence N. D'Altroy,The Incas,,
pharmacopolitics-drug-regulation-in-the-united-states-and-germany-daemmrich,book,Arthur A. Daemmrich,Pharmacopolitics: Drug Regulation in the United States and Germany,,
good-dog-101-dahl,book,Cristine Dahl,"Good Dog 101: Easy Lessons to Train Your Dog the Happy, Healthy Way",,
boy-tales-of-childhood-dahl-quentin-blake,book,Roald Dahl,Boy: Tales of Childhood,,
the-sht-no-one-tells-you-a-guide-to-surviving-your-babys-first-year-dais,book,Dawn Dais,The Sh!t No One Tells You: A Guide to Surviving Your Baby's First Year,,
return-of-a-king-the-battle-for-afghanistan-dalrymple,book,William Dalrymple,Return of a King: The Battle for Afghanistan,,
the-anarchy-the-east-india-company-corporate-violence-and-the-pillage-of-an-empire-dalrymple,book,William Dalrymple,"The Anarchy: The East India Company, Corporate Violence, and the Pillage of an Empire",,
the-golden-road-how-ancient-india-transformed-the-world-dalrymple,audiobook,William Dalrymple,The Golden Road: How Ancient India Transformed the World,,
white-water-red-hot-lead-on-board-us-navy-swift-boats-in-vietnam-new-edition-daly,book,Dan Daly,"White Water, Red Hot Lead: On Board U.S. Navy Swift Boats in Vietnam (New Edition)",,
future-war-dann-gardner-dozois,book,Jack Dann,Future War,,
babylon-babies-dantec-noura-wedell,book,Maurice G. Dantec,Babylon Babies,,
the-knowledge-how-to-rebuild-our-world-from-scratch-dartnell,book,Lewis Dartnell,The Knowledge: How to Rebuild Our World from Scratch,,
now-you-see-it-how-the-brain-science-of-attention-will-transform-the-way-we-live-work-and-learn-davidson,book,Cathy N. Davidson,"Now You See It: How the Brain Science of Attention Will Transform the Way We Live, Work, and Learn",,
the-new-education-how-to-revolutionize-the-university-to-prepare-students-for-a-world-in-flux-davidson,book,Cathy N. Davidson,The New Education: How to Revolutionize the University to Prepare Students for a World In Flux,,
the-unaccountability-machine-why-big-systems-make-terrible-decisions-and-how-the-world-lost-its-mind-davies,book,Dan Davies,The Unaccountability Machine: Why Big Systems Make Terrible Decisions - and How The World Lost its Mind,,
red-eagles-americas-secret-migs-davies-j-jumper,book,Steve Davies,Red Eagles: America's Secret MiGs,,
are-prisons-obsolete-davis,book,Angela Y. Davis,Are Prisons Obsolete?,,
spare-parts-four-undocumented-teenagers-one-ugly-robot-and-the-battle-for-the-american-dream-davis,book,Joshua Davis,"Spare Parts: Four Undocumented Teenagers, One Ugly Robot, and the Battle for the American Dream",,
rivers-in-the-desert-william-mulholland-and-the-inventing-of-los-angeles-davis,book,Margaret Leslie Davis,Rivers in the Desert: William Mulholland and the Inventing of Los Angeles,,
budas-wagon-a-brief-history-of-the-car-bomb-davis,book,Mike Davis,Buda's Wagon: A Brief History of the Car Bomb,,
city-of-quartz-excavating-the-future-in-los-angeles-davis,book,Mike Davis,City of Quartz: Excavating the Future in Los Angeles,,
mapping-the-great-game-explorers-spies-and-maps-in-19th-century-asia-dean,book,Riaz Dean,"Mapping the Great Game: Explorers, Spies and Maps in 19th-century Asia",,
the-making-of-dsm-iii-a-diagnostic-manuals-conquest-of-american-psychiatry-decker,book,Hannah S. Decker,The Making of DSM-III: A Diagnostic Manual's Conquest of American Psychiatry,,
slow-burn-the-rise-and-bitter-fall-of-american-intelligence-in-vietnam-deforest-david-chanoff,book,Orrin DeForest,Slow Burn: The Rise and Bitter Fall of American Intelligence in Vietnam,,
write-it-when-im-gone-remarkable-off-the-record-conversations-with-gerald-r-ford-defrank,book,Thomas M. DeFrank,Write It When I'm Gone: Remarkable Off-the-Record Conversations With Gerald R. Ford,,
the-big-ratchet-how-humanity-thrives-in-the-face-of-natural-crisis-a-biography-of-an-ingenious-species-defries,book,Ruth DeFries,The Big Ratchet: How Humanity Thrives in the Face of Natural Crisis: A Biography of an Ingenious Species,,
how-difficult-it-is-to-be-god-shining-paths-politics-of-war-in-peru-19801999-critical-human-rights-degregori-steve-j-stern,book,Carlos Iván Degregori,"How Difficult It Is to Be God: Shining Path’s Politics of War in Peru, 1980–1999 (Critical Human Rights)",,
the-way-of-the-superior-man-a-spiritual-guide-to-mastering-the-challenges-of-women-work-and-sexual-desire-deida,book,David Deida,"The Way of the Superior Man: A Spiritual Guide to Mastering the Challenges of Women, Work, and Sexual Desire",,
city-of-gold-deighton,book,Len Deighton,City of Gold,,
fighter-the-true-story-of-the-battle-of-britain-deighton,book,Len Deighton,Fighter: The True Story of the Battle of Britain,,
ss-gb-deighton,book,Len Deighton,SS-GB,,
tower-dog-life-inside-the-deadliest-job-in-america-delaney,book,Douglas Scott Delaney,Tower Dog: Life Inside the Deadliest Job in America,,
the-celts-delaney,book,Frank Delaney,The Celts,,
about-writing-seven-essays-four-letters-five-interviews-delany,book,Samuel R. Delany,"About Writing: Seven Essays, Four Letters, & Five Interviews",,
babel-17-delany,book,Samuel R. Delany,Babel-17,,
trouble-on-triton-an-ambiguous-heterotopia-delany-kathy-acker,book,Samuel R. Delany,Trouble on Triton: An Ambiguous Heterotopia,,
finding-the-dragon-lady-the-mystery-of-vietnams-madame-nhu-demery,book,Monique Brinson Demery,Finding the Dragon Lady: The Mystery of Vietnam's Madame Nhu,,
the-new-economics-for-industry-government-education-deming,book,W. Edwards Deming,"The New Economics for Industry, Government, Education",,
aces-denny,book,Robert Denny,Aces,,
the-dead-girl-in-the-bathtub-depaulo,book,Lisa DePaulo,The Dead Girl in the Bathtub,,
such-great-heights-the-complete-cultural-history-of-the-indie-rock-explosion-deville,book,Chris DeVille,Such Great Heights: The Complete Cultural History of the Indie Rock Explosion,,
second-variety-dick,book,Philip K. Dick,Second Variety,,
the-man-in-the-high-castle-dick,book,Philip K. Dick,The Man in the High Castle,,
exordia-dickinson,book,Seth Dickinson,Exordia,,
the-monster-baru-cormorant-dickinson,book,Seth Dickinson,The Monster Baru Cormorant,The Masquerade,2
the-traitor-baru-cormorant-dickinson,book,Seth Dickinson,The Traitor Baru Cormorant,The Masquerade,1
the-tyrant-baru-cormorant-dickinson,book,Seth Dickinson,The Tyrant Baru Cormorant,The Masquerade,3
silent-knights-blowing-the-whistle-on-military-accidents-and-their-cover-ups-diehl-john-j-nance,book,Alan E. Diehl,Silent Knights: Blowing the Whistle on Military Accidents and Their Cover-Ups,,
spies-in-the-family-an-american-spymaster-his-russian-crown-jewel-and-the-friendship-that-helped-end-the-cold-war-dillon,book,Eva Dillon,"Spies in the Family: An American Spymaster, His Russian Crown Jewel, and the Friendship That Helped End the Cold War",,
streams-of-wisdom-diperna-ken-wilber,book,Dustin DiPerna,Streams of Wisdom,,
the-dreams-our-stuff-is-made-of-how-science-fiction-conquered-the-world-disch,book,Thomas M. Disch,The Dreams Our Stuff is Made Of: How Science Fiction Conquered the World,,
on-the-psychology-of-military-incompetence-dixon,book,Norman F. Dixon,On the Psychology of Military Incompetence,,
in-the-jaws-of-history-vietnam-war-era-classics-series-diem-david-chanoff,book,Bùi Diễm,In the Jaws of History: (Vietnam War Era Classics Series),,
cantors-dilemma-djerassi,book,Carl Djerassi,Cantor's Dilemma,,
the-complete-idiots-guide-to-publishing-science-fiction-doctorow-karl-schroeder,book,Cory Doctorow,The Complete Idiot's Guide to Publishing Science Fiction,,
the-greatest-beer-run-ever-donohue,book,"John ""Chick"" Donohue","The Greatest Beer Run Ever: A Memoir of Friendship, Loyalty, and War",,
once-a-warrior-king-memories-of-an-officer-in-vietnam-donovan,book,David Donovan,Once A Warrior King: Memories of an Officer in Vietnam,,
a-nation-divided-dougan-samuel-lipsman,book,Clark Dougan,A Nation Divided,,
science-policy-and-the-value-free-ideal-douglas,book,Heather E. Douglas,"Science, Policy, and the Value-Free Ideal",,
dune-adventures-in-the-imperium-dowdell,rpg,Nathan Dowdell,Dune: Adventures in the Imperium,,
embracing-defeat-japan-in-the-wake-of-world-war-ii-dower,book,John W. Dower,Embracing Defeat: Japan in the Wake of World War II,,
the-coming-of-the-fairies-doyle-john-m-lynch,book,Arthur Conan Doyle,The Coming of the Fairies,,
a-collision-of-cultures-doyle-stephen-j-weiss,book,Edward Doyle,A Collision of Cultures,,
america-takes-over-doyle,book,Edward Doyle,America Takes Over,,
passing-the-torch-doyle-samuel-lipsman,book,Edward Doyle,Passing the Torch,,
setting-the-stage-doyle-samuel-lipsman,book,Edward Doyle,Setting the Stage,,
starliner-drake,book,David Drake,Starliner,,
the-tank-lords-baen-drake,book,David Drake,The Tank Lords (BAEN),,
court-of-blades-drake-navi-c-drake,rpg,Shawn G Drake,Court of Blades,,
innovation-and-entrepreneurship-drucker,book,Peter F. Drucker,Innovation and Entrepreneurship,,
into-enemy-waters-a-world-war-ii-story-of-the-demolition-divers-who-became-the-navy-seals-dubbins,book,Andrew Dubbins,Into Enemy Waters: A World War II Story of the Demolition Divers Who Became the Navy SEALS,,
drugs-for-life-how-pharmaceutical-companies-define-our-health-experimental-futures-dumit,book,Joseph Dumit,Drugs for Life: How Pharmaceutical Companies Define Our Health (Experimental Futures),,
the-storm-before-the-storm-the-beginning-of-the-end-of-the-roman-republic-duncan,book,Mike Duncan,The Storm Before the Storm: The Beginning of the End of the Roman Republic,,
the-vanishing-neighbor-the-transformation-of-american-community-dunkelman,book,Marc J. Dunkelman,The Vanishing Neighbor: The Transformation of American Community,,
behind-japanese-lines-with-the-oss-in-burma-dunlop,book,Richard Dunlop,Behind Japanese Lines: With the OSS in Burma,,
the-hinge-factor-how-chance-and-stupidity-have-changed-history-durschmied,book,Erik Durschmied,The Hinge Factor: How Chance and Stupidity Have Changed History,,
taking-rights-seriously-dworkin,book,Ronald Dworkin,Taking Rights Seriously,,
the-logic-of-failure-recognizing-and-avoiding-error-in-complex-situations-dorner-robert-kimber,book,Dietrich Dörner,The Logic of Failure: Recognizing and Avoiding Error in Complex Situations,,
the-name-of-the-rose-eco-william-weaver,book,Umberto Eco,The Name of the Rose,,
a-fire-in-the-sun-effinger,book,George Alec Effinger,A Fire in the Sun,Marid Audran,2
the-exile-kiss-effinger,book,George Alec Effinger,The Exile Kiss,Marid Audran,3
when-gravity-fails-effinger,book,George Alec Effinger,When Gravity Fails,Marid Audran,1
dead-mountain-the-untold-true-story-of-the-dyatlov-pass-incident-eichar,book,Donnie Eichar,Dead Mountain: The Untold True Story of the Dyatlov Pass Incident,,
this-is-how-you-lose-the-time-war-el-mohtar-max-gladstone,book,Amal El-Mohtar,This Is How You Lose the Time War,,
neon-black-elliot,rpg,Michael Elliot,Neon Black,,
better-than-well-american-medicine-meets-the-american-dream-elliott-peter-d-kramer,book,Carl Elliott,Better Than Well: American Medicine Meets the American Dream,,
white-coat-black-hat-adventures-on-the-dark-side-of-medicine-elliott,book,Carl Elliott,"White Coat, Black Hat: Adventures on the Dark Side of Medicine",,
pox-romana-the-plague-that-shook-the-roman-world-turning-points-in-ancient-history-elliott,book,Colin Elliott,Pox Romana: The Plague That Shook the Roman World (Turning Points in Ancient History),,
unconquerable-sun-elliott,book,Kate Elliott,Unconquerable Sun,,
deathbird-stories-ellison,book,Harlan Ellison,Deathbird Stories,,
i-have-no-mouth-i-must-scream-ellison-theodore-sturgeon,book,Harlan Ellison,I Have No Mouth & I Must Scream,,
la-confidential-ellroy,book,James Ellroy,L.A. Confidential,L.A. Quartet,3
the-black-dahlia-ellroy,book,James Ellroy,The Black Dahlia,L.A. Quartet,1
the-doomsday-machine-confessions-of-a-nuclear-war-planner-ellsberg,book,Daniel Ellsberg,The Doomsday Machine: Confessions of a Nuclear War Planner,,
no-banners-no-bugles-ellsberg,book,Edward Ellsberg,"No Banners, No Bugles",Salvage,2
on-the-bottom-the-raising-of-the-us-navy-submarine-s-51-ellsberg-edward-l-beach,book,Edward Ellsberg,On the Bottom: The Raising of the U.S. Navy Submarine S-51,,
the-far-shore-ellsberg,book,Edward Ellsberg,The Far Shore,Salvage,3
under-the-red-sea-sun-ellsberg,book,Edward Ellsberg,Under the Red Sea sun,Salvage,1
pet-emezi,audiobook,Akwaeke Emezi,Pet,,
momo-ende,book,Michael Ende,Momo,,
the-works-of-vermin-ennes,book,Hiron Ennes,The Works of Vermin,,
the-sentence-erdrich,book,Louise Erdrich,The Sentence,,
disability-rights-and-the-american-social-safety-net-erkulwater,book,Jennifer L. Erkulwater,Disability Rights and the American Social Safety Net,,
foxtrot-in-kandahar-a-memoir-of-a-cia-officer-in-afghanistan-at-the-inception-of-americas-longest-war-evans,book,Duane Evans,Foxtrot in Kandahar: A Memoir of a CIA Officer in Afghanistan at the Inception of America’s Longest War,,
red-brotherhood-at-war-vietnam-cambodia-and-laos-since-1975-evans-kelvin-rowley,book,Grant Evans,"Red Brotherhood at War: Vietnam, Cambodia and Laos since 1975",,
a-brief-history-of-vice-how-bad-behavior-built-civilization-evans,book,Robert Evans,A Brief History of Vice: How Bad Behavior Built Civilization,,
a-masterpiece-in-disarray-david-lynchs-dunean-oral-history-evry,book,Max Evry,A Masterpiece in Disarray: David Lynch’s Dune—An Oral History,,
how-to-talk-so-little-kids-will-listen-a-survival-guide-to-life-with-children-ages-2-7-faber-julie-king,book,Joanna Faber,How to Talk So Little Kids Will Listen: A Survival Guide to Life with Children Ages 2-7,,
hell-in-a-very-small-place-the-siege-of-dien-bien-phu-fall,book,Bernard B. Fall,Hell in a Very Small Place: The Siege of Dien Bien Phu,,
street-without-joy-the-french-debacle-in-indochina-stackpole-military-history-series-fall,book,Bernard B. Fall,Street Without Joy: The French Debacle in Indochina (Stackpole Military History Series),,
every-man-dies-alone-fallada-michael-hofmann,book,Hans Fallada,Every Man Dies Alone,,
the-ear-the-eye-and-the-arm-farmer,book,Nancy Farmer,"The Ear, the Eye, and the Arm",,
to-your-scattered-bodies-go-farmer,book,Philip José Farmer,To Your Scattered Bodies Go,,
war-on-peace-the-end-of-diplomacy-and-the-decline-of-american-influence-farrow,book,Ronan Farrow,War on Peace: The End of Diplomacy and the Decline of American Influence,,
fitting-in-is-overrated-the-survival-guide-for-anyone-who-has-ever-felt-like-an-outsider-felder,book,Leonard Felder,Fitting In Is Overrated: The Survival Guide for Anyone Who Has Ever Felt Like an Outsider,,
bossypants-fey,book,Tina Fey,Bossypants,,
one-bullet-away-the-making-of-a-marine-officer-fick,book,Nathaniel Fick,One Bullet Away: The Making of a Marine Officer,,
ranger-behind-enemy-lines-in-vietnam-military-illustrated-field,book,Ron Field,Ranger: Behind Enemy Lines in Vietnam (Military Illustrated),,
screenplay-the-foundations-of-screenwriting-paperback-november-29-2005-field,book,Syd Field,"Screenplay: The Foundations of Screenwriting Paperback – November 29, 2005",,
the-crimean-war-a-history-figes,book,Orlando Figes,The Crimean War: A History,,
fractal-paisleys-filippo,book,Paul Di Filippo,Fractal Paisleys,,
shared-fantasy-role-playing-games-as-social-worlds-fine,rpg,Gary Alan Fine,Shared Fantasy: Role Playing Games as Social Worlds,,
the-jasons-the-secret-history-of-sciences-postwar-elite-finkbeiner,book,Ann Finkbeiner,The Jasons: The Secret History of Science's Postwar Elite,,
hieroglyph-stories-and-visions-for-a-better-future-finn-kathryn-cramer,book,Ed Finn,Hieroglyph: Stories and Visions for a Better Future,,
visions-ventures-escape-velocities-a-collection-of-space-futures-finn-joey-eschrich,book,Ed Finn,"Visions, Ventures, Escape Velocities: A Collection of Space Futures",,
an-introduction-to-islam-for-jews-firestone,book,Reuven Firestone,An Introduction to Islam for Jews,,
the-princess-diarist-fisher,book,Carrie Fisher,The Princess Diarist,,
capitalist-realism-is-there-no-alternative-fisher,book,Mark Fisher,Capitalist Realism: Is There No Alternative?,,
the-great-gatsby-fitzgerald,book,F. Scott Fitzgerald,The Great Gatsby,,
way-out-there-in-the-blue-reagan-star-wars-and-the-end-of-the-cold-war-fitzgerald,book,Frances FitzGerald,"Way Out There in the Blue: Reagan, Star Wars and the End of the Cold War",,
creating-the-computer-government-industry-and-high-technology-flamm,book,Kenneth Flamm,"Creating the Computer: Government, Industry, and High Technology",,
validation-the-new-psychology-of-influence-fleck,book,Caroline Fleck,Validation: The New Psychology of Influence,,
genesis-and-development-of-a-scientific-fact-fleck-robert-k-merton,book,Ludwik Fleck,Genesis and Development of a Scientific Fact,,
luck-in-the-shadows-flewelling,book,Lynn Flewelling,Luck in the Shadows,,
washington-the-indispensible-man-flexner,book,James Thomas Flexner,Washington: The Indispensible Man,,
1632-flint,book,Eric Flint,1632,,
the-fires-how-a-computer-formula-big-ideas-and-the-best-of-intentions-burned-down-new-york-city-and-determined-the-future-of-cities-flood,book,Joe Flood,"The Fires: How a Computer Formula, Big Ideas, and the Best of Intentions Burned Down New York City-and Determined the Future of Cities",,
thunder-below-fluckey-snow,audiobook,Eugene B. Fluckey,Thunder Below!: The USS Barb Revolutionizes Submarine Warfare in World War II,,
the-nanotech-chronicles-flynn,book,Michael Flynn,The Nanotech Chronicles,,
special-men-a-lrps-recollections-foley,book,Dennis Foley,Special Men: A LRP's Recollections,,
the-interview-from-formal-to-postmodern-fontana-anastasia-h-prokos,book,Andrea Fontana,The Interview: From Formal to Postmodern,,
tank-warfare-on-the-eastern-front-1943-1945-red-steamroller-forczyk,book,Robert Forczyk,Tank Warfare on the Eastern Front 1943-1945: Red Steamroller,,
tank-warfare-on-the-eastern-front-19411942-schwerpunkt-forczyk,book,Robert Forczyk,"Tank Warfare on the Eastern Front, 1941–1942: Schwerpunkt",,
a-vision-so-noble-john-boyd-the-ooda-loop-and-americas-war-on-terror-ford,book,Daniel Ford,"A Vision So Noble: John Boyd, the OODA Loop, and America's War on Terror",,
aspects-ford,book,John M. Ford,Aspects,,
the-general-forester-merrill-l-bartlett,book,C.S. Forester,The General,,
the-good-shepherd-forester,book,C.S. Forester,The Good Shepherd,,
sams-teach-yourself-sqltm-in-10-minutes-forta,book,Ben Forta,Sams Teach Yourself SQL™ in 10 Minutes,,
madness-and-civilization-a-history-of-insanity-in-the-age-of-reason-foucault,book,Michel Foucault,Madness and Civilization: A History of Insanity in the Age of Reason,,
powerknowledge-selected-interviews-and-other-writings-1972-1977-foucault-colin-gordon,book,Michel Foucault,"Power/Knowledge: Selected Interviews and Other Writings, 1972-1977",,
the-order-of-things-an-archaeology-of-the-human-sciences-foucault,book,Michel Foucault,The Order of Things: An Archaeology of the Human Sciences,,
smart-power-climate-change-the-smart-grid-and-the-future-of-electric-utilities-fox-penner,book,Peter Fox-Penner,"Smart Power: Climate Change, the Smart Grid, and the Future of Electric Utilities",,
the-memory-of-fire-foy,book,George Foy,The Memory of Fire,,
on-bullshit-frankfurt,book,Harry G. Frankfurt,On Bullshit,,
mans-search-for-meaning-frankl-harold-s-kushner,book,Viktor E. Frankl,Man's Search for Meaning,,
the-cult-of-creativity-a-surprisingly-recent-history-franklin,book,Samuel Weil Franklin,The Cult of Creativity: A Surprisingly Recent History,,
flashman-fraser,book,George MacDonald Fraser,Flashman,,
quartered-safe-out-here-a-harrowing-tale-of-world-war-ii-fraser,book,George MacDonald Fraser,Quartered Safe Out Here: A Harrowing Tale of World War II,,
the-future-of-war-a-history-freedman,book,Lawrence Freedman,The Future of War: A History,,
as-time-goes-by-from-the-industrial-revolutions-to-the-information-revolution-paperback-freeman-francisco-louca,book,Christopher Freeman,As Time Goes by: From the Industrial Revolutions to the Information Revolution (Paperback),,
lees-lieutenants-a-study-in-command-freeman-stephen-w-sears,book,Douglas Southall Freeman,Lee's Lieutenants: A Study in Command,,
behemoth-a-history-of-the-factory-and-the-making-of-the-modern-world-freeman,book,Joshua B. Freeman,Behemoth: A History of the Factory and the Making of the Modern World,,
atlantic-nightmare-the-longest-military-campaign-in-world-war-ii-freeman,book,Richard Freeman,Atlantic Nightmare: The longest military campaign in World War II,,
a-small-colonial-war-frezza,book,Robert A. Frezza,A Small Colonial War,,
a-guide-to-divorce-mediation-how-to-reach-a-fair-legal-settlement-at-a-fraction-of-the-cost-part-one-an-introduction-to-mediation-friedman,book,Gary J. Friedman,"A Guide to Divorce Mediation: How to Reach a Fair, Legal Settlement at a Fraction of the Cost : Part One : An Introduction to Mediation",,
winning-a-future-war-war-gaming-and-victory-in-the-pacific-war-friedman-naval-history-and-heritage-command,book,Norman Friedman,Winning a Future War: War Gaming and Victory in the Pacific War,,
a-peace-to-end-all-peace-the-fall-of-the-ottoman-empire-and-the-creation-of-the-modern-middle-east-fromkin,book,David Fromkin,A Peace to End All Peace: The Fall of the Ottoman Empire and The Creation of the Modern Middle East,,
game-design-workshop-a-playcentric-approach-to-creating-innovative-games-fullerton,book,Tracy Fullerton,Game Design Workshop: A Playcentric Approach to Creating Innovative Games,,
everybody-loses-funt,book,Danny Funt,Everybody Loses: The Tumultuous Rise of American Sports Gambling,,
crisis-in-command-mismanagement-in-the-army-gabriel-paul-savage,book,Richard A. Gabriel,Crisis in Command: Mismanagement in the Army,,
river-of-teeth-gailey,book,Sarah Gailey,River of Teeth,,
american-gods-gaiman,book,Neil Gaiman,American Gods,,
dont-panic-douglas-adams-the-hitchhikers-guide-to-the-galaxy-gaiman-david-k-dickson,book,Neil Gaiman,Don't Panic: Douglas Adams & The Hitchhiker's Guide to the Galaxy,,
norse-mythology-gaiman,book,Neil Gaiman,Norse Mythology,,
the-graveyard-book-gaiman-dave-mckean,book,Neil Gaiman,The Graveyard Book,,
fate-is-the-hunter-gann,book,Ernest K. Gann,Fate Is the Hunter,,
black-may-the-epic-story-of-the-allies-defeat-of-the-german-u-boats-in-may-1943-gannon,book,Michael Gannon,Black May: The Epic Story of the Allies' Defeat of the German U-Boats in May 1943,,
like-a-mother-a-feminist-journey-through-the-science-and-culture-of-pregnancy-garbes,book,Angela Garbes,Like a Mother: A Feminist Journey Through the Science and Culture of Pregnancy,,
the-lancaster-at-war-garbett-brian-goulding,book,Mike Garbett,The Lancaster at War,,
ascending-gardner,book,James Alan Gardner,Ascending,League of Peoples,5
commitment-hour-gardner,book,James Alan Gardner,Commitment Hour,League of Peoples,2
expendable-gardner,book,James Alan Gardner,Expendable,League of Peoples,1
hunted-gardner,book,James Alan Gardner,Hunted,League of Peoples,4
radiant-gardner,book,James Alan Gardner,Radiant,League of Peoples,7
trapped-gardner,book,James Alan Gardner,Trapped,League of Peoples,6
vigilant-gardner,book,James Alan Gardner,Vigilant,League of Peoples,3
edge-city-life-on-the-new-frontier-anchor-books-garreau,book,Joel Garreau,Edge City: Life on the New Frontier (Anchor Books),,
bearing-the-cross-martin-luther-king-jr-and-the-southern-christian-leadership-conference-garrow,book,David J. Garrow,"Bearing the Cross: Martin Luther King, Jr., And The Southern Christian Leadership Conference",,
after-the-fall-eclipse-phase-gates-ken-liu,book,Jaym Gates,After The Fall (Eclipse Phase),,
strange-california-gates-j-daniel-batt,book,Jaym Gates,Strange California,,
war-stories-new-military-science-fiction-gates-andrew-liptak,book,Jaym Gates,War Stories: New Military Science Fiction,,
an-introduction-to-discourse-analysis-theory-and-method-gee,book,James Paul Gee,An Introduction to Discourse Analysis: Theory and Method,,
women-and-gaming-the-sims-and-21st-century-learning-gee-elisabeth-r-hayes,book,James Paul Gee,Women and Gaming: The Sims and 21st Century Learning,,
ninety-percent-of-everything-inside-shipping-the-invisible-industry-that-puts-clothes-on-your-back-gas-in-your-car-and-food-on-your-plate-george,book,Rose George,"Ninety Percent of Everything: Inside Shipping, the Invisible Industry That Puts Clothes on Your Back, Gas in Your Car, and Food on Your Plate",,
the-childrens-illustrated-clausewitz-volume-1-gerald-nr-jenzen-jones,book,Caitlin Fitz Gerald,"The Children’s Illustrated Clausewitz, Volume 1",,
isis-a-history-gerges,book,Fawaz A. Gerges,ISIS: A History,,
the-future-is-history-how-totalitarianism-reclaimed-russia-gessen,book,Masha Gessen,The Future Is History: How Totalitarianism Reclaimed Russia,,
the-perfect-war-technowar-in-vietnam-military-history-series-gibson,book,James William Gibson,The Perfect War: Technowar in Vietnam (Military History Series),,
attachment-theory-a-guide-to-strengthening-the-relationships-in-your-life-gibson,book,Thais Gibson,Attachment Theory: A Guide to Strengthening the Relationships in Your Life,,
agency-gibson,book,William Gibson,Agency,Jackpot,2
distrust-that-particular-flavor-gibson,book,William Gibson,Distrust That Particular Flavor,,
idoru-gibson,book,William Gibson,Idoru,The Bridge,2
mona-lisa-overdrive-gibson,book,William Gibson,Mona Lisa Overdrive,The Sprawl,3
neuromancer-gibson,book,William Gibson,Neuromancer,The Sprawl,1
the-difference-engine-gibson-bruce-sterling,book,William Gibson,The Difference Engine,,
the-peripheral-gibson,book,William Gibson,The Peripheral,Jackpot,1
zero-history-gibson,book,William Gibson,Zero History,Blue Ant,3
life-in-a-medieval-city-medieval-life-gies-joseph-gies,book,Frances Gies,Life in a Medieval City (Medieval Life),,
dance-between-flames-berlin-between-the-wars-gill,book,Anton Gill,Dance Between Flames: Berlin Between the Wars,,
mandarins-of-the-future-modernization-theory-in-cold-war-america-new-studies-in-american-intellectual-and-cultural-history-gilman,book,Nils Gilman,Mandarins of the Future: Modernization Theory in Cold War America (New Studies in American Intellectual and Cultural History),,
i-want-to-believe-posadism-ufos-and-apocalypse-communism-gittlitz,book,A.M. Gittlitz,"I Want to Believe: Posadism, UFOs and Apocalypse Communism",,
empress-of-forever-gladstone,book,Max Gladstone,Empress of Forever,,
four-roads-cross-gladstone,book,Max Gladstone,Four Roads Cross,The Craft Sequence,5
full-fathom-five-gladstone,book,Max Gladstone,Full Fathom Five,The Craft Sequence,3
last-first-snow-gladstone,book,Max Gladstone,Last First Snow,The Craft Sequence,4
the-ruin-of-angels-gladstone,book,Max Gladstone,The Ruin of Angels,The Craft Sequence,6
three-parts-dead-gladstone,book,Max Gladstone,Three Parts Dead,The Craft Sequence,1
two-serpents-rise-gladstone,book,Max Gladstone,Two Serpents Rise,The Craft Sequence,2
david-and-goliath-underdogs-misfits-and-the-art-of-battling-giants-gladwell,book,Malcolm Gladwell,"David and Goliath: Underdogs, Misfits, and the Art of Battling Giants",,
365-days-glasser,book,Ronald J. Glasser,365 Days,,
defector-phantom-air-combat-book-1-gledhill,book,David Gledhill,Defector (Phantom Air Combat Book 1),,
the-information-a-history-a-theory-a-flood-gleick,book,James Gleick,"The Information: A History, a Theory, a Flood",,
no-more-mr-nice-guy-glover,audiobook,Robert A. Glover,No More Mr. Nice Guy,,
other-minds-godfrey-smith,book,Peter Godfrey-Smith,Other Minds,,
faust-first-part-goethe-peter-salm,book,Johann Wolfgang von Goethe,"Faust, First Part",,
on-the-run-fugitive-life-in-an-american-city-fieldwork-encounters-and-discoveries-goffman,book,Alice Goffman,On the Run: Fugitive Life in an American City (Fieldwork Encounters and Discoveries),,
writing-down-the-bones-freeing-the-writer-within-goldberg,book,Natalie Goldberg,Writing Down the Bones: Freeing the Writer Within,,
tin-men-golden,book,Christopher Golden,Tin Men,,
crossings-how-road-ecology-is-shaping-the-future-of-our-planet-goldfarb,audiobook,Ben Goldfarb,Crossings: How Road Ecology Is Shaping the Future of Our Planet,,
the-paper-men-golding,book,William Golding,The Paper Men,,
the-princess-bride-goldman,book,William Goldman,The Princess Bride,,
lessons-in-disaster-mcgeorge-bundy-and-the-path-to-war-in-vietnam-goldstein,book,Gordon M. Goldstein,Lessons In Disaster: McGeorge Bundy And The Path To War In Vietnam,,
how-rome-fell-death-of-a-superpower-goldsworthy,audiobook,Adrian Goldsworthy,How Rome Fell: Death of a Superpower,,
pax-romana-goldsworthy,book,Adrian Goldsworthy,Pax Romana,,
lyndon-johnson-and-the-american-dream-goodwin,book,Doris Kearns Goodwin,Lyndon Johnson and the American Dream,,
team-of-rivals-the-political-genius-of-abraham-lincoln-goodwin,book,Doris Kearns Goodwin,Team of Rivals: The Political Genius of Abraham Lincoln,,
we-stand-divided-competing-visions-of-jewishness-and-the-rift-between-american-jews-and-israel-gordis,book,Daniel Gordis,We Stand Divided: Competing Visions of Jewishness and the Rift Between American Jews and Israel,,
phil-gordons-little-green-book-lessons-and-teachings-in-no-limit-texas-holdem-gordon-howard-lederer,book,Phil Gordon,Phil Gordon's Little Green Book: Lessons and Teachings in No Limit Texas Hold'em,,
kalpa-imperial-the-greatest-empire-that-never-was-gorodischer-ursula-k-le-guin,book,Angélica Gorodischer,Kalpa Imperial: The Greatest Empire That Never Was,,
dream-of-reason-a-history-of-western-philosophy-from-the-greeks-to-the-renaissance-gottlieb,book,Anthony Gottlieb,Dream of Reason: A History of Western Philosophy from the Greeks to the Renaissance,,
the-dream-of-enlightenment-the-rise-of-modern-philosophy-gottlieb,book,Anthony Gottlieb,The Dream of Enlightenment: The Rise of Modern Philosophy,,
the-mismeasure-of-man-gould,book,Stephen Jay Gould,The Mismeasure of Man,,
a-nocture-grace,rpg,Calum Grace,A Nocturne,,
the-cuddle-sutra-an-unabashed-celebration-of-the-ultimate-intimacy-grader,book,Rob Grader,The Cuddle Sutra: An Unabashed Celebration of the Ultimate Intimacy,,
debt-the-first-5000-years-graeber,book,David Graeber,"Debt: The First 5,000 Years",,
the-dawn-of-everything-a-new-history-of-humanity-graeber-david-wengrow,book,David Graeber,The Dawn of Everything: A New History of Humanity,,
the-utopia-of-rules-on-technology-stupidity-and-the-secret-joys-of-bureaucracy-graeber,book,David Graeber,"The Utopia of Rules: On Technology, Stupidity, and the Secret Joys of Bureaucracy",,
wings-of-the-eagle-grant,book,William T. Grant,Wings of the Eagle,,
the-bear-went-over-the-mountain-soviet-combat-tactics-in-afghanistan-grau,book,Lester W. Grau,The Bear Went Over the Mountain: Soviet Combat Tactics in Afghanistan,,
the-russian-way-of-war-grau-charles-k-bartles,book,Lester W. Grau,The Russian Way of War,,
claudius-the-god-and-his-wife-messalina-graves,book,Robert Graves,Claudius the God and His Wife Messalina,,
i-claudius-graves,book,Robert Graves,"I, Claudius",,
submarine-warriors-gray,book,Edwyn Gray,Submarine Warriors,,
angle-of-attack-harrison-storms-and-the-race-to-the-moon-gray,book,Mike Gray,Angle of Attack: Harrison Storms and the Race to the Moon,,
house-of-the-rain-king-greatwich,book,Will Greatwich,House of the Rain King,,
future-wars-greenberg-larry-segriff,book,Martin H. Greenberg,Future Wars,,
monsignor-quixote-greene,book,Graham Greene,Monsignor Quixote,,
prescribing-by-numbers-drugs-and-the-definition-of-disease-greene,book,Jeremy A. Greene,Prescribing by Numbers: Drugs and the Definition of Disease,,
the-48-laws-of-power-greene,book,Robert Greene,The 48 Laws of Power,,
bad-company-private-equity-and-the-death-of-the-american-dream-greenwell,book,Megan Greenwell,Bad Company: Private Equity and the Death of the American Dream,,
mcnamaras-folly-the-use-of-low-iq-troops-in-the-vietnam-war-gregory,book,Hamilton Gregory,McNamara's Folly: The Use of Low-IQ Troops in the Vietnam War,,
on-the-clock-what-low-wage-work-did-to-me-and-how-it-drives-america-insane-guendelsberger,book,Emily Guendelsberger,On the Clock: What Low-Wage Work Did to Me and How It Drives America Insane,,
a-wizard-of-earthsea-guin,book,Ursula K. Le Guin,A Wizard of Earthsea,Earthsea,1
city-of-illusions-guin,audiobook,Ursula K. Le Guin,City of Illusions,Hainish Cycle,3
lavinia-guin,book,Ursula K. Le Guin,Lavinia,,
planet-of-exile-guin,audiobook,Ursula K. Le Guin,Planet of Exile,Hainish Cycle,2
rocannons-world-guin,book,Ursula K. Le Guin,Rocannon’s World,Hainish Cycle,1
tales-from-earthsea-guin,book,Ursula K. Le Guin,Tales from Earthsea,Earthsea,6
tehanu-guin,book,Ursula K. Le Guin,Tehanu,Earthsea,4
the-dispossessed-an-ambiguous-utopia-guin,book,Ursula K. Le Guin,The Dispossessed: An Ambiguous Utopia,Hainish Cycle,6
the-farthest-shore-guin,book,Ursula K. Le Guin,The Farthest Shore,Earthsea,3
the-lathe-of-heaven-guin,book,Ursula K. Le Guin,The Lathe of Heaven,,
the-left-hand-of-darkness-guin,audiobook,Ursula K. Le Guin,The Left Hand of Darkness,Hainish Cycle,4
the-other-wind-guin,book,Ursula K. Le Guin,The Other Wind,Earthsea,5
the-tombs-of-atuan-guin,book,Ursula K. Le Guin,The Tombs of Atuan,Earthsea,2
the-winds-twelve-quarters-guin,book,Ursula K. Le Guin,The Wind's Twelve Quarters,,
the-word-for-world-is-forest-guin,book,Ursula K. Le Guin,The Word for World Is Forest,Hainish Cycle,5
the-road-to-jonestown-jim-jones-and-peoples-temple-guinn,book,Jeff Guinn,The Road to Jonestown: Jim Jones and Peoples Temple,,
the-profession-of-arms-hackett,book,John Hackett,The profession of arms,,
rewriting-the-soul-multiple-personality-and-the-sciences-of-memory-hacking,book,Ian Hacking,Rewriting the Soul: Multiple Personality and the Sciences of Memory,,
the-social-construction-of-what-hacking,book,Ian Hacking,The Social Construction of What?,,
about-face-odyssey-of-an-american-warrior-hackworth-julie-sherman,book,David H. Hackworth,About Face: Odyssey Of An American Warrior,,
steel-my-soldiers-hearts-the-hopeless-to-hardcore-transformation-of-us-army-4th-battalion-39th-infantry-vietnam-hackworth-eilhys-england,book,David H. Hackworth,"Steel My Soldiers' Hearts: The Hopeless to Hardcore Transformation of U.S. Army, 4th Battalion, 39th Infantry, Vietnam",,
the-alchemy-of-air-a-jewish-genius-a-doomed-tycoon-and-the-scientific-discovery-that-fed-the-world-but-fueled-the-rise-of-hitler-hager,book,Thomas Hager,"The Alchemy of Air: A Jewish Genius, a Doomed Tycoon, and the Scientific Discovery That Fed the World but Fueled the Rise of Hitler",,
the-righteous-mind-why-good-people-are-divided-by-politics-and-religion-haidt,book,Jonathan Haidt,The Righteous Mind: Why Good People Are Divided by Politics and Religion,,
airport-hailey,book,Arthur Hailey,Airport,,
ho-halberstam,book,David Halberstam,Ho,,
one-very-hot-day-halberstam,book,David Halberstam,One Very Hot Day,,
the-coldest-winter-america-and-the-korean-war-halberstam,book,David Halberstam,The Coldest Winter: America and the Korean War,,
the-making-of-a-quagmire-halberstam-daniel-j-singal,book,David Halberstam,The Making of a Quagmire,,
forever-peace-haldeman,book,Joe Haldeman,Forever Peace,,
the-forever-war-haldeman,book,Joe Haldeman,The Forever War,,
gentleman-of-leisure-a-year-in-the-life-of-a-pimp-hall-bob-adelman,book,Susan Hall,Gentleman of Leisure: A Year in the Life of a Pimp,,
mindstar-rising-hamilton,book,Peter F. Hamilton,Mindstar Rising,,
the-mind-of-war-john-boyd-and-american-security-hammond,book,Grant Tedrick Hammond,The Mind of War: John Boyd and American Security,,
lords-of-the-sky-fighter-pilots-and-air-combat-from-the-red-baron-to-the-f-16-hampton,book,Dan Hampton,"Lords of the Sky: Fighter Pilots and Air Combat, from the Red Baron to the F-16",,
the-hunter-killers-the-extraordinary-story-of-the-first-wild-weasels-the-band-of-maverick-aviators-who-flew-the-most-dangerous-missions-of-the-vietnam-war-hampton,book,Dan Hampton,"The Hunter Killers: The Extraordinary Story of the First Wild Weasels, the Band of Maverick Aviators Who Flew the Most Dangerous Missions of the Vietnam War",,
flying-camelot-the-f-15-the-f-16-and-the-weaponization-of-fighter-pilot-nostalgia-battlegrounds-cornell-studies-in-military-history-hankins,book,Michael W. Hankins,"Flying Camelot: The F-15, the F-16, and the Weaponization of Fighter Pilot Nostalgia (Battlegrounds: Cornell Studies in Military History)",,
sapiens-a-brief-history-of-humankind-harari,book,Yuval Noah Harari,Sapiens: A Brief History of Humankind,,
the-companion-species-manifesto-dogs-people-and-significant-otherness-paradigm-haraway-matthew-begelke,book,Donna J. Haraway,"The Companion Species Manifesto: Dogs, People, and Significant Otherness (Paradigm)",,
coming-together-embracing-your-core-desires-for-sexual-fulfillment-and-long-term-compatibility-harel-celeste-hirschman,book,Danielle Harel,Coming Together: Embracing your Core Desires for Sexual Fulfillment and Long-Term Compatibility,,
titanium-noir-harkaway,book,Nick Harkaway,Titanium Noir,,
the-fort-bragg-cartel-drug-trafficking-and-murder-in-the-special-forces-harp,book,Seth Harp,The Fort Bragg Cartel: Drug Trafficking and Murder in the Special Forces,,
agon-harper-sean-nittner,rpg,John Harper,Agon,,
blades-in-the-dark-harper,rpg,John Harper,Blades in the Dark,,
blades-in-the-dark-deep-cuts-harper,rpg,John Harper,Blades in the Dark - Deep Cuts,,
the-calligraphers-bible-100-complete-alphabets-with-step-by-step-hand-lettering-guides-harris,book,David Harris,The Calligrapher's Bible: 100 Complete Alphabets with Step-by-Step Hand Lettering Guides,,
the-work-of-the-imagination-harris,book,Paul L. Harris,The Work of the Imagination,,
act-made-simple-harris,book,Russ Harris,"""ACT Made Simple: An Easy-to-Read Primer on Acceptance and Commitment Therapy""",,
tongue-tied-untangling-communication-in-sex-kink-and-relationships-harris,book,Stella Harris,"Tongue Tied: Untangling Communication in Sex, Kink, and Relationships",,
the-adventures-of-the-stainless-steel-rat-stainless-steel-rat-4-6-harrison,book,Harry Harrison,"The Adventures of the Stainless Steel Rat (Stainless Steel Rat, #4-6)",,
light-harrison,book,M. John Harrison,Light,,
viriconium-viriconium-1-4-harrison-neil-gaiman,book,M. John Harrison,"Viriconium (Viriconium, #1-4)",,
a-lonely-kind-of-war-forward-air-controller-vietnam-harrison,book,Marshall Harrison,"A Lonely Kind of War: Forward Air Controller, Vietnam",,
the-space-opera-renaissance-hartwell-kathryn-cramer,book,David G. Hartwell,The Space Opera Renaissance,,
orbital-harvey,book,Samantha Harvey,Orbital,,
innovation-thinking-methods-for-the-modern-entrepreneur-disciplines-of-thought-that-can-help-you-rethink-industries-and-unlock-10x-better-solutions-hashmi,book,Osama A. Hashmi,Innovation Thinking Methods for the Modern Entrepreneur: Disciplines of thought that can help you rethink industries and unlock 10x better solutions,,
inferno-the-world-at-war-1939-1945-hastings,book,Max Hastings,"Inferno: The World at War, 1939-1945",,
operation-pedestal-the-fleet-that-battled-to-malta-1942-a-definitive-wwii-history-of-the-royal-navy-convoy-and-mediterranean-siege-hastings,book,Max Hastings,"Operation Pedestal: The Fleet That Battled to Malta, 1942 – A Definitive WWII History of the Royal Navy Convoy and Mediterranean Siege",,
thrill-switch-hawken-secours,audiobook,Tim Hawken,Thrill Switch,,
counterfeit-dreams-one-mans-journey-into-and-out-of-the-world-of-scientology-hawkins,book,Jefferson Hawkins,Counterfeit Dreams : One Man's Journey into and Out of the World of Scientology,,
the-library-at-mount-char-hawkins,book,Scott Hawkins,The Library at Mount Char,,
the-creation-of-psychopharmacology-healy,book,David Healy,The Creation of Psychopharmacology,,
bart-the-dramatic-history-of-the-bay-area-rapid-transit-system-healy-john-king,book,Michael C. Healy,BART: The Dramatic History of the Bay Area Rapid Transit System,,
double-star-heinlein,book,Robert A. Heinlein,Double Star,,
friday-heinlein,book,Robert A. Heinlein,Friday,,
glory-road-heinlein,book,Robert A. Heinlein,Glory Road,,
have-space-suitwill-travel-heinlein,book,Robert A. Heinlein,Have Space Suit—Will Travel,,
space-cadet-heinlein,book,Robert A. Heinlein,Space Cadet,,
starship-troopers-heinlein,book,Robert A. Heinlein,Starship Troopers,,
stranger-in-a-strange-land-heinlein-james-warhola,book,Robert A. Heinlein,Stranger in a Strange Land,,
the-door-into-summer-heinlein,book,Robert A. Heinlein,The Door Into Summer,,
the-moon-is-a-harsh-mistress-heinlein,book,Robert A. Heinlein,The Moon is a Harsh Mistress,,
the-puppet-masters-heinlein,book,Robert A. Heinlein,The Puppet Masters,,
time-for-the-stars-heinlein,book,Robert A. Heinlein,Time for the Stars,,
tunnel-in-the-sky-heinlein,book,Robert A. Heinlein,Tunnel in the Sky,,
13-true-ways-heinsoo-jonathan-tweet,rpg,Rob Heinsoo,13 True Ways,,
13th-age-core-book-heinsoo-jonathan-tweet,rpg,Rob Heinsoo,13th Age Core Book,,
the-plane-above-secrets-of-the-astral-sea-a-4th-edition-dd-supplement-heinsoo,rpg,Rob Heinsoo,The Plane Above: Secrets of the Astral Sea: A 4th Edition D&D Supplement,,
take-the-high-road-divorce-with-compassion-for-yourself-and-your-family-heller,book,Andy H Heller,Take the High Road: Divorce with Compassion for Yourself and Your Family,,
the-junior-officers-reading-club-killing-time-and-fighting-wars-hennessey,book,Patrick Hennessey,The Junior Officers' Reading Club: Killing Time And Fighting Wars,,
the-gift-of-the-magi-and-other-short-stories-henry-shane-weller,book,O. Henry,The Gift of the Magi and Other Short Stories,,
future-visions-original-science-fiction-inspired-by-microsoft-henshaw-allison-linn,book,Jennifer Henshaw,Future Visions: Original Science Fiction Inspired by Microsoft,,
chapterhouse-dune-herbert,book,Frank Patrick Herbert,Chapterhouse: Dune,Dune,6
children-of-dune-herbert,book,Frank Patrick Herbert,Children of Dune,Dune,3
dune-herbert,book,Frank Patrick Herbert,Dune,Dune,1
dune-messiah-herbert,book,Frank Patrick Herbert,Dune Messiah,Dune,2
god-emperor-of-dune-herbert,book,Frank Patrick Herbert,God Emperor of Dune,Dune,4
heretics-of-dune-herbert,book,Frank Patrick Herbert,Heretics of Dune,Dune,5
the-dosadi-experiment-herbert,book,Frank Patrick Herbert,The Dosadi Experiment,,
whipping-star-herbert,book,Frank Patrick Herbert,Whipping Star,,
freedoms-forge-how-american-business-produced-victory-in-world-war-ii-herman,book,Arthur Herman,Freedom's Forge: How American Business Produced Victory in World War II,,
the-assimilated-cubans-guide-to-quantum-santeria-hernandez,book,Carlos Hernandez,The Assimilated Cuban's Guide to Quantum Santeria,,
dispatches-herr,book,Michael Herr,Dispatches,,
stalking-the-vietcong-inside-operation-phoenix-a-personal-account-herrington,book,Stuart A. Herrington,Stalking the Vietcong: Inside Operation Phoenix: A Personal Account,,
the-war-of-atonement-the-inside-story-of-the-yom-kippur-war-greenhill-military-herzog-michael-herzog,book,Chaim Herzog,The War of Atonement: The Inside Story of the Yom Kippur War (Greenhill Military),,
man-is-not-alone-a-philosophy-of-religion-heschel,book,Abraham Joshua Heschel,Man Is Not Alone: A Philosophy of Religion,,
science-studies-an-advanced-introduction-hess,book,David J. Hess,Science Studies: An Advanced Introduction,,
forget-a-mentor-find-a-sponsor-the-new-way-to-fast-track-your-career-hewlett,book,Sylvia Ann Hewlett,"Forget a Mentor, Find a Sponsor: The New Way to Fast-Track Your Career",,
rocket-boys-a-memoir-hickam,book,Homer Hickam,Rocket Boys: A Memoir,,
the-friends-of-eddie-coyle-higgins,book,George V. Higgins,The Friends of Eddie Coyle,,
writing-in-general-and-the-short-story-in-particular-hills,book,Lawrence Rust Hills,Writing In General And The Short Story In Particular,,
medieval-sieges-siegecraft-hindley,book,Geoffrey Hindley,Medieval Sieges & Siegecraft,,
democratizing-innovation-mit-press-hippel,book,Eric von Hippel,Democratizing Innovation (Mit Press),,
cockfidence-the-definitive-guide-to-being-the-man-you-want-to-be-and-driving-women-wild-hirschman-danielle-harel,book,Celeste Hirschman,Cockfidence: The Definitive Guide to Being The Man You Want To Be And Driving Women Wild,,
nights-black-agents-hite,rpg,Kenneth Hite,Night's Black Agents,,
industry-and-empire-the-birth-of-the-industrial-revolution-hobsbawm-chris-wrigley,book,Eric J. Hobsbawm,Industry and Empire: The Birth of the Industrial Revolution,,
king-leopolds-ghost-a-story-of-greed-terror-and-heroism-in-colonial-africa-hochschild,book,Adam Hochschild,"King Leopold's Ghost: A Story of Greed, Terror, and Heroism in Colonial Africa",,
spain-in-our-hearts-americans-in-the-spanish-civil-war-19361939-hochschild,book,Adam Hochschild,"Spain in Our Hearts: Americans in the Spanish Civil War, 1936–1939",,
a-nuclear-family-vacation-travels-in-the-world-of-atomic-weaponry-hodge-sharon-weinberger,book,Nathan Hodge,A Nuclear Family Vacation: Travels in the World of Atomic Weaponry,,
the-raven-scholar-hodgson,book,Antonia Hodgson,The Raven Scholar,,
the-true-believer-thoughts-on-the-nature-of-mass-movements-hoffer,book,Eric Hoffer,The True Believer: Thoughts on the Nature of Mass Movements,,
the-billion-dollar-spy-a-true-story-of-cold-war-espionage-and-betrayal-hoffman,book,David E. Hoffman,The Billion Dollar Spy: A True Story of Cold War Espionage and Betrayal,,
the-dead-hand-the-untold-story-of-the-cold-war-arms-race-and-its-dangerous-legacy-hoffman,book,David E. Hoffman,The Dead Hand: The Untold Story of the Cold War Arms Race and its Dangerous Legacy,,
raising-a-secure-child-how-circle-of-security-parenting-can-help-you-nurture-your-childs-attachment-emotional-resilience-and-freedom-to-explore-hoffman-glen-cooper,book,Kent Hoffman,"Raising a Secure Child: How Circle of Security Parenting Can Help You Nurture Your Child's Attachment, Emotional Resilience, and Freedom to Explore",,
fortress-a-history-of-military-defense-hogg,book,Ian V. Hogg,Fortress : A History of Military Defense,,
big-week-the-biggest-air-battle-of-world-war-ii-holland,book,James Holland,Big Week: The Biggest Air Battle of World War II,,
dam-busters-the-true-story-of-the-legendary-raid-on-the-ruhr-holland,book,James Holland,Dam Busters: The True Story of the Legendary Raid on the Ruhr,,
the-middle-passage-hollis,book,James Hollis,The Middle Passage: From Misery to Meaning in Midlife,,
supercarriers-holmes-jean-pierre-montbazet,book,Tony Holmes,Supercarriers,,
the-iliad-the-odyssey-homer-robert-fagles,book,Homer Homer,The Iliad / The Odyssey,,
learning-war-the-evolution-of-fighting-doctrine-in-the-us-navy-1898-1945-studies-in-naval-history-and-sea-power-hone,book,Trent Hone,"Learning War: The Evolution of Fighting Doctrine in the U.S. Navy, 1898-1945 (Studies in Naval History and Sea Power)",,
a-libertarian-walks-into-a-bear-the-utopian-plot-to-liberate-an-american-town-and-some-bears-hongoltz-hetling,book,Matthew Hongoltz-Hetling,A Libertarian Walks into a Bear: The Utopian Plot to Liberate an American Town (And Some Bears),,
the-prisoner-of-zenda-hope,book,Anthony Hope,The Prisoner of Zenda,,
the-salt-roads-hopkinson,book,Nalo Hopkinson,The Salt Roads,,
neptunes-inferno-the-us-navy-at-guadalcanal-hornfischer,book,James D. Hornfischer,Neptune's Inferno: The U.S. Navy at Guadalcanal,,
ship-of-ghosts-the-story-of-the-uss-houston-fdrs-legendary-lost-cruiser-and-the-epic-saga-of-her-survivors-hornfischer,book,James D. Hornfischer,"Ship of Ghosts: The Story of the USS Houston, FDR's Legendary Lost Cruiser, and the Epic Saga of Her Survivors",,
the-fleet-at-flood-tide-america-at-total-war-in-the-pacific-1944-1945-hornfischer,book,James D. Hornfischer,"The Fleet at Flood Tide: America at Total War in the Pacific, 1944-1945",,
the-last-stand-of-the-tin-can-sailors-the-extraordinary-world-war-ii-story-of-the-us-navys-finest-hour-hornfischer,book,James D. Hornfischer,The Last Stand of the Tin Can Sailors: The Extraordinary World War II Story of the U.S. Navy's Finest Hour,,
a-nation-of-realtors-a-cultural-history-of-the-twentieth-century-american-middle-class-hornstein,book,Jeffrey M. Hornstein,A Nation Of Realtors: A Cultural History Of The Twentieth-century American Middle Class,,
the-darwin-elevator-hough,book,Jason M. Hough,The Darwin Elevator,The Dire Earth,1
the-exodus-towers-hough,book,Jason M. Hough,The Exodus Towers,The Dire Earth,2
the-plague-forge-hough,book,Jason M. Hough,The Plague Forge,The Dire Earth,3
world-of-our-fathers-the-journey-of-the-east-european-jews-to-america-and-the-life-they-found-and-made-howe,book,Irving Howe,World of Our Fathers: The Journey of the East European Jews to America and the Life They Found and Made,,
dust-howey,book,Hugh Howey,Dust,Wool,3
shift-howey,book,Hugh Howey,Shift,Wool,2
wool-omnibus-howey,book,Hugh Howey,Wool Omnibus,Wool,1
spire-the-city-must-fall-howitt-christopher-taylor,rpg,Grant Howitt,Spire: The City Must Fall,,
l-ron-hubbard-presents-writers-of-the-future-22-hubbard-algis-budrys,book,L. Ron Hubbard,L. Ron Hubbard Presents Writers of the Future 22,,
absence-hudson,book,Andrew Dana Hudson,Absence,,
our-shared-storm-a-novel-of-five-climate-futures-hudson,book,Andrew Dana Hudson,Our Shared Storm: A Novel of Five Climate Futures,,
bridge-of-birds-hughart,book,Barry Hughart,Bridge of Birds,The Chronicles of Master Li and Number Ten Ox,1
eight-skilled-gentlemen-hughart,book,Barry Hughart,Eight Skilled Gentlemen,The Chronicles of Master Li and Number Ten Ox,3
the-story-of-the-stone-hughart,book,Barry Hughart,The Story of the Stone,The Chronicles of Master Li and Number Ten Ox,2
american-genesis-a-century-of-invention-and-technological-enthusiasm-1870-1970-hughes,book,Thomas P. Hughes,"American Genesis: A Century of Invention and Technological Enthusiasm, 1870-1970",,
the-palace-file-hung-jerrold-l-schecter,book,Nguyen Tien Hung,The Palace File,,
red-smoking-mirror-hunt,book,Nick Hunt,Red Smoking Mirror,,
the-light-brigade-hurley,book,Kameron Hurley,The Light Brigade,,
hybrid-rule-and-state-formation-public-private-power-in-the-21st-century-ripe-series-in-global-political-economy-hurt-ronnie-lipschutz,book,Shelley Hurt,Hybrid Rule and State Formation: Public-Private Power in the 21st Century (RIPE Series in Global Political Economy),,
gaslands-post-apocalyptic-vehicular-combat-hutchinson-david-auden-nash,rpg,Mike Hutchinson,Gaslands: Post-Apocalyptic Vehicular Combat,,
space-team-hutchison,book,Barry J. Hutchison,Space Team,,
the-book-of-floating-exploring-the-private-sea-hutchison,book,Michael Hutchison,The Book of Floating: Exploring the Private Sea,,
316-carnage-amongst-the-stars-hutton,rpg,Gregor Hutton,3:16 Carnage Amongst the Stars,,
the-witch-a-history-of-fear-from-ancient-times-to-the-present-hutton,book,Ronald Hutton,"The Witch: A History of Fear, from Ancient Times to the Present",,
vietnam-journeys-of-body-mind-and-spirit-huy-laurel-kendall,book,Nguyen Van Huy,"Vietnam: Journeys of Body, Mind, and Spirit",,
designing-machine-learning-systems-an-iterative-process-for-production-ready-applications-huyen,book,Chip Huyen,Designing Machine Learning Systems: An Iterative Process for Production-Ready Applications,,
novel-without-a-name-huong-phan-huy-duong,book,Dương Thu Hương,Novel Without a Name,,
clashes-air-combat-over-north-vietnam-1965-1972-iii,book,Marshall L. Michel III,"Clashes: Air Combat over North Vietnam, 1965-1972",,
deschooling-society-illich,book,Ivan Illich,Deschooling Society,,
the-hidden-hand-a-brief-history-of-the-cia-immerman,book,Richard H. Immerman,The Hidden Hand: A Brief History of the CIA,,
the-opium-war-inglis,book,Brian Inglis,The Opium War,,
russian-roulette-the-inside-story-of-putins-war-on-america-and-the-election-of-donald-trump-isikoff-david-corn,book,Michael Isikoff,Russian Roulette: The Inside Story of Putin's War on America and the Election of Donald Trump,,
speed-ecstasy-ritalin-the-science-of-amphetamines-iversen,book,Leslie L. Iversen,"Speed, Ecstasy, Ritalin: The Science of Amphetamines",,
workers-in-a-labyrinth-jobs-and-survival-in-a-bank-bureaucracy-landmark-studies-jackall,book,Robert Jackall,Workers in a labyrinth: Jobs and survival in a bank bureaucracy (Landmark studies),,
in-defense-of-disciplines-interdisciplinarity-and-specialization-in-the-research-university-jacobs,book,Jerry Jacobs,In Defense of Disciplines: Interdisciplinarity and Specialization in the Research University,,
phenomena-the-secret-history-of-the-us-governments-investigations-into-extrasensory-perception-and-psychokinesis-jacobsen,book,Annie Jacobsen,Phenomena: The Secret History of the U.S. Government's Investigations into Extrasensory Perception and Psychokinesis,,
the-pentagons-brain-an-uncensored-history-of-darpa-americas-top-secret-military-research-agency-jacobsen,book,Annie Jacobsen,"The Pentagon's Brain: An Uncensored History of DARPA, America's Top-Secret Military Research Agency",,
che-a-graphic-biography-jacobson-ernie-colon,book,Sid Jacobson,Che: A Graphic Biography,,
the-other-side-of-the-mountain-mujahideen-tactics-in-the-soviet-afghan-war-jalali-lester-w-grau,book,Ali Ahmad Jalali,The Other Side of the Mountain: Mujahideen Tactics in the Soviet Afghan War,,
archaeologies-of-the-future-the-desire-called-utopia-and-other-science-fictions-jameson,book,Fredric Jameson,Archaeologies of the Future: The Desire Called Utopia and Other Science Fictions,,
exuberance-the-passion-for-life-jamison,book,Kay Redfield Jamison,Exuberance: The Passion for Life,,
the-fifth-season-jemisin,book,N.K. Jemisin,The Fifth Season,The Broken Earth,1
the-obelisk-gate-jemisin,book,N.K. Jemisin,The Obelisk Gate,The Broken Earth,2
the-stone-sky-jemisin,book,N.K. Jemisin,The Stone Sky,The Broken Earth,3
the-spear-cuts-through-water-jimenez,book,Simon Jimenez,The Spear Cuts Through Water,,
the-vanished-birds-jimenez,book,Simon Jimenez,The Vanished Birds,,
before-the-incal-jodorowsky-zoran-janjetov,book,Alejandro Jodorowsky,Before the Incal,,
final-incal-jodorowsky-jose-ladronn,book,Alejandro Jodorowsky,Final Incal,,
the-incal-jodorowsky-mbius,book,Alejandro Jodorowsky,The Incal,,
the-metabarons-ultimate-collection-jodorowsky-juan-gimenez,book,Alejandro Jodorowsky,The Metabarons: Ultimate Collection,,
the-queen-of-the-tearling-johansen,book,Erika Johansen,The Queen of the Tearling,,
the-orphan-masters-son-johnson,book,Adam Johnson,The Orphan Master's Son,,
leaving-a-trace-on-keeping-a-journal-johnson,book,Alexandra Johnson,Leaving a Trace: On Keeping a Journal,,
science-fiction-prototyping-designing-the-future-with-science-fiction-johnson,book,Brian David Johnson,Science Fiction Prototyping: Designing the Future with Science Fiction,,
the-tomorrow-project-anthology-conversations-about-the-future-johnson-madeline-ashby,book,Brian David Johnson,The Tomorrow Project Anthology: Conversations about the Future,,
the-space-between-worlds-johnson,book,Micaiah Johnson,The Space Between Worlds,,
shootdown-the-verdict-on-kal007-johnson,book,R.W. Johnson,Shootdown: The Verdict on KAL007,,
the-tough-guide-to-fantasyland-jones,book,Diana Wynne Jones,The Tough Guide to Fantasyland,,
last-stand-at-khe-sanh-the-us-marines-finest-hour-in-vietnam-jones,book,Gregg Jones,Last Stand at Khe Sanh: The U.S. Marines' Finest Hour in Vietnam,,
most-secret-war-jones,book,R.V. Jones,Most Secret War,,
empires-of-light-edison-tesla-westinghouse-and-the-race-to-electrify-the-world-jonnes,book,Jill Jonnes,"Empires of Light: Edison, Tesla, Westinghouse, and the Race to Electrify the World",,
american-warlords-how-roosevelts-high-command-led-america-to-victory-in-world-war-ii-jordan,book,Jonathan W. Jordan,American Warlords: How Roosevelt's High Command Led America to Victory in World War II,,
brothers-rivals-victors-eisenhower-patton-bradley-and-the-partnership-that-drove-the-allied-conquest-in-europe-jordan,book,Jonathan W. Jordan,"Brothers, Rivals, Victors: Eisenhower, Patton, Bradley and the Partnership that Drove the Allied Conquest in Europe",,
very-crazy-gi-strange-but-true-stories-of-the-vietnam-war-jorgenson,book,Kregg P.J. Jorgenson,"Very Crazy, G.I.!: Strange but True Stories of the Vietnam War",,
the-tooth-fairy-joyce,book,Graham Joyce,The Tooth Fairy,,
war-as-i-knew-it-jr,book,George S. Patton Jr.,War as I Knew It,,
on-strategy-a-critical-analysis-of-the-vietnam-war-jr,book,Harry G. Summers Jr.,On Strategy: A Critical Analysis of the Vietnam War,,
low-level-hell-a-scout-pilot-in-the-big-red-one-jr-robert-a-anderson,book,Hugh L. Mills Jr.,Low Level Hell: A Scout Pilot In The Big Red One,,
the-therapeutic-state-justifying-government-at-centurys-end-jr,book,James L. Nolan Jr.,The Therapeutic State: Justifying Government at Century's End,,
defenders-of-the-faith-charles-v-suleyman-the-magnificent-and-the-battle-for-europe-1520-1536-jr,book,James Reston Jr.,"Defenders of the Faith: Charles V, Suleyman the Magnificent, and the Battle for Europe, 1520-1536",,
her-smoke-rose-up-forever-jr-michael-swanwick,book,James Tiptree Jr.,Her Smoke Rose Up Forever,,
up-the-walls-of-the-world-jr,book,James Tiptree Jr.,Up the Walls of the World,,
the-fiction-writers-guide-to-dialogue-a-fresh-look-at-an-essential-ingredient-of-the-craft-jr,book,John Hough Jr.,The Fiction Writer's Guide to Dialogue: A Fresh Look at an Essential Ingredient of the Craft,,
mekong-first-light-an-infantry-platoon-leader-in-vietnam-jr,book,Joseph W. Callaway Jr.,Mekong First Light: An Infantry Platoon Leader in Vietnam,,
oracle-jr,book,Kevin O'Donnell Jr.,ORA:CLE,,
mother-night-jr,book,Kurt Vonnegut Jr.,Mother Night,,
welcome-to-the-monkey-house-jr,book,Kurt Vonnegut Jr.,Welcome to the Monkey House,,
play-how-it-shapes-the-brain-opens-the-imagination-and-invigorates-the-soul-jr-christopher-vaughan,book,Stuart M. Brown Jr.,"Play: How It Shapes the Brain, Opens the Imagination, and Invigorates the Soul",,
a-canticle-for-leibowitz-jr,book,Walter M. Miller Jr.,A Canticle for Leibowitz,,
think-a-biography-of-the-watsons-and-ibm-jr,book,William H. Rodgers Jr.,Think: A Biography of the Watsons and IBM,,
fire-dispatches-from-the-edgeeyewitness-journalism-on-war-nature-and-human-survival-junger,book,Sebastian Junger,"Fire: Dispatches from the Edge―Eyewitness Journalism on War, Nature, and Human Survival",,
the-perfect-storm-a-true-story-of-men-against-the-sea-junger,book,Sebastian Junger,The Perfect Storm: A True Story of Men Against the Sea,,
war-junger,book,Sebastian Junger,War,,
drone-warfare-war-and-conflict-in-the-modern-world-kaag-sarah-kreps,book,John Kaag,Drone Warfare (War and Conflict in the Modern World),,
understanding-social-networks-theories-concepts-and-findings-kadushin,book,Charles Kadushin,"Understanding Social Networks: Theories, Concepts, and Findings",,
stalking-the-atomic-city-life-among-the-decadent-and-the-depraved-of-chornobyl-kamysh,book,Markiyan Kamysh,Stalking the Atomic City: Life Among the Decadent and the Depraved of Chornobyl,,
the-three-pillars-of-zen-teaching-practice-and-enlightenment-kapleau,book,Philip Kapleau,"The Three Pillars of Zen: Teaching, Practice, and Enlightenment",,
becoming-attached-first-relationships-and-how-they-shape-our-capacity-to-love-karen,book,Robert Karen,Becoming Attached: First Relationships and How They Shape Our Capacity to Love,,
the-rent-collectors-exploitation-murder-and-redemption-in-immigrant-la-katz,book,Jesse Katz,"The Rent Collectors: Exploitation, Murder, and Redemption in Immigrant LA",,
gangsters-of-capitalism-smedley-butler-the-marines-and-the-making-and-breaking-of-americas-empire-katz,book,Jonathan M. Katz,"Gangsters of Capitalism: Smedley Butler, the Marines, and the Making and Breaking of America's Empire",,
your-move-what-board-games-teach-us-about-life-kay-joan-moriarity,book,Jonathan Kay,Your Move: What Board Games Teach Us about Life,,
the-devil-never-sleeps-learning-to-live-in-an-age-of-disasters-kayyem,book,Juliette Kayyem,The Devil Never Sleeps: Learning to Live in an Age of Disasters,,
road-of-bones-the-siege-of-kohima-1944-the-epic-story-of-the-last-great-stand-of-empire-keane,book,Fergal Keane,Road of Bones: The Siege of Kohima 1944 - The Epic Story of the Last Great Stand of Empire,,
understanding-applied-behavior-analysis-an-introduction-to-aba-for-parents-teachers-and-other-professionals-kearney,book,Albert J. Kearney,"Understanding Applied Behavior Analysis: An Introduction to ABA for Parents, Teachers, and Other Professionals",,
say-nothing-keefe-blaney,audiobook,Patrick Radden Keefe,Say Nothing: A True Story of Murder and Memory in Northern Ireland,,
antarctica-keegan,book,Claire Keegan,Antarctica,,
small-things-like-these-keegan,audiobook,Claire Keegan,Small Things Like These,,
a-history-of-warfare-keegan-rein-turu,book,John Keegan,A History of Warfare,,
the-face-of-battle-a-study-of-agincourt-waterloo-and-the-somme-keegan,book,John Keegan,"The Face of Battle: A Study of Agincourt, Waterloo and the Somme",,
complex-emergencies-keen,book,David J. Keen,Complex Emergencies,,
burn-kelly,book,James Patrick Kelly,Burn,,
rewired-the-post-cyberpunk-anthology-kelly-john-kessel,book,James Patrick Kelly,Rewired: The Post-Cyberpunk Anthology,,
four-favorite-tools-fantastic-tools-selected-by-150-notable-creators-kelly-claudia-dawson,book,Kevin Kelly,Four Favorite Tools: Fantastic tools selected by 150 notable creators,,
from-a-dark-sky-the-story-of-us-air-force-special-operations-kelly,book,Orr Kelly,From a Dark Sky: The Story of U.S. Air Force Special Operations,,
engineers-of-victory-the-problem-solvers-who-turned-the-tide-in-the-second-world-war-kennedy,book,Paul Kennedy,Engineers of Victory: The Problem Solvers Who Turned The Tide in the Second World War,,
the-saga-of-pappy-gunn-kenney,book,George C. Kenney,The Saga of Pappy Gunn,,
killing-is-harmless-a-critical-reading-of-spec-ops-the-line-keogh,book,Brendan Keogh,Killing Is Harmless: A Critical Reading of Spec Ops: The Line,,
the-liberator-one-world-war-ii-soldiers-500-day-odyssey-from-the-beaches-of-sicily-to-the-gates-of-dachau-kershaw,book,Alex Kershaw,The Liberator: One World War II Soldier's 500-Day Odyssey from the Beaches of Sicily to the Gates of Dachau,,
the-end-the-defiance-and-destruction-of-hitlers-germany-1944-45-kershaw,book,Ian Kershaw,The End: The Defiance and Destruction of Hitler's Germany 1944-45,,
1914-these-are-our-masters-the-first-world-war-day-by-day-book-1-kersley,book,Matt Kersley,1914: These Are Our Masters (The First World War Day-by-Day Book 1),,
intersections-the-sycamore-hill-anthology-kessel-mark-l-van-name,book,John Kessel,Intersections: The Sycamore Hill Anthology,,
finding-meaning-kessler,book,David Kessler,Finding Meaning: The Sixth Stage of Grief,,
inside-the-cia-revealing-the-secrets-of-the-worlds-most-powerful-spy-agency-kessler,book,Ronald Kessler,Inside the CIA: Revealing the Secrets of the World's Most Powerful Spy Agency,,
the-secret-life-of-the-forest-ketchum,book,Richard M. Ketchum,The Secret Life of the Forest,,
and-a-hard-rain-fell-a-gis-true-story-of-the-war-in-vietnam-ketwig,book,John Ketwig,...and a Hard Rain Fell: A GI's True Story of the War in Vietnam,,
languishing-how-to-feel-alive-again-in-a-world-that-wears-us-down-keyes,book,Corey Keyes,Languishing: How to Feel Alive Again in a World That Wears Us Down,,
hiring-data-scientists-and-machine-learning-engineers-keyes,book,Roy Keyes,Hiring Data Scientists and Machine Learning Engineers,,
my-detachment-a-memoir-kidder,book,Tracy Kidder,My Detachment: A Memoir,,
signature-wounds-the-untold-story-of-the-militarys-mental-health-crisis-kieran,book,David Kieran,Signature Wounds: The Untold Story of the Military's Mental Health Crisis,,
viet-nam-a-history-from-earliest-times-to-the-present-kiernan,book,Ben Kiernan,Viet Nam: A History from Earliest Times to the Present,,
design-analysis-and-optimization-of-supply-chains-a-system-dynamics-approach-supply-and-operations-management-collection-killingsworth,book,William R. Killingsworth,"Design, Analysis and Optimization of Supply Chains: A System Dynamics Approach (Supply and Operations Management Collection)",,
without-you-there-is-no-us-my-time-with-the-sons-of-north-koreas-elite-kim,book,Suki Kim,"Without You, There Is No Us: My Time with the Sons of North Korea's Elite",,
better-small-talk-talk-to-anyone-avoid-awkwardness-generate-deep-conversations-and-make-real-friends-king,book,Patrick King,"Better Small Talk: Talk to Anyone, Avoid Awkwardness, Generate Deep Conversations, and Make Real Friends",,
the-gunslinger-king,book,Stephen King,The Gunslinger,,
the-war-managers-kinnard,book,Douglas Kinnard,The War Managers,,
the-brothers-john-foster-dulles-allen-dulles-their-secret-world-war-kinzer,book,Stephen Kinzer,"The Brothers: John Foster Dulles, Allen Dulles & Their Secret World War",,
kim-kipling,book,Rudyard Kipling,Kim,,
the-selling-of-dsm-the-rhetoric-of-science-in-psychiatry-social-problems-and-social-issues-kirk,book,Stuart A. Kirk,The Selling of DSM: The Rhetoric of Science in Psychiatry (Social Problems and Social Issues),,
higher-ground-from-utopianism-to-realism-in-american-feminist-thought-and-theory-women-in-culture-and-society-kitch,book,Sally L. Kitch,Higher Ground: From Utopianism to Realism in American Feminist Thought and Theory (Women in Culture and Society),,
interdisciplinarity-history-theory-practice-klein,book,Julie Thompson Klein,"Interdisciplinarity: History, Theory, & Practice",,
designing-data-intensive-applications-kleppmann,book,Martin Kleppmann,Designing Data-Intensive Applications,,
the-cybernetics-moment-or-why-we-call-our-age-the-information-age-kline,book,Ronald R. Kline,The Cybernetics Moment: Or Why We Call Our Age the Information Age,,
angles-of-attack-kloos,book,Marko Kloos,Angles of Attack,,
lines-of-departure-kloos,book,Marko Kloos,Lines of Departure,,
terms-of-enlistment-kloos,book,Marko Kloos,Terms of Enlistment,,
the-body-keeps-the-score-brain-mind-and-body-in-the-healing-of-trauma-kolk,book,Bessel van der Kolk,"The Body Keeps the Score: Brain, Mind, and Body in the Healing of Trauma",,
bureaucracy-does-its-thing-institutional-constraints-on-us-gvn-performance-in-vietnam-rand-report-r-967-komer,book,Robert W. Komer,Bureaucracy Does Its Thing: Institutional Constraints on U.S.-GVN Performance in Vietnam (RAND Report R-967),,
the-life-changing-magic-of-tidying-up-the-japanese-art-of-decluttering-and-organizing-kondo,book,Marie Kondō,The Life-Changing Magic of Tidying Up: The Japanese Art of Decluttering and Organizing,,
gestalt-therapy-korb-gorrell,book,Margaret P. Korb,Gestalt Therapy: Practice and Theory,,
with-wings-like-eagles-a-history-of-the-battle-of-britain-korda,book,Michael Korda,With Wings Like Eagles: A History of the Battle of Britain,,
stalin-paradoxes-of-power-1878-1928-kotkin,book,Stephen Kotkin,"Stalin: Paradoxes of Power, 1878-1928",,
the-calculating-stars-kowal,book,Mary Robinette Kowal,The Calculating Stars,,
into-the-wild-krakauer,book,Jon Krakauer,Into the Wild,,
under-the-banner-of-heaven-a-story-of-violent-faith-krakauer,book,Jon Krakauer,Under the Banner of Heaven: A Story of Violent Faith,,
twilight-of-the-assholes-kreider-tim-kreider,book,Tim Kreider,Twilight of the Assholes,,
we-learn-nothing-kreider,book,Tim Kreider,We Learn Nothing,,
why-do-they-kill-me-kreider,book,Tim Kreider,Why Do They Kill Me?,,
yesterdays-kin-kress,book,Nancy Kress,Yesterday's Kin,,
esalen-america-and-the-religion-of-no-religion-kripal,book,Jeffrey J. Kripal,Esalen: America and the Religion of No Religion,,
the-mirage-factory-illusion-imagination-and-the-invention-of-los-angeles-krist,book,Gary Krist,"The Mirage Factory: Illusion, Imagination, and the Invention of Los Angeles",,
how-to-destroy-a-tech-startup-in-three-easy-steps-krubner-natalie-sidner,book,Lawrence Krubner,How To Destroy A Tech Startup In Three Easy Steps,,
the-poppy-war-kuang,book,R.F. Kuang,The Poppy War,,
defiant-role-playing-game-kuczynska-marcin-kuczynski,rpg,Katarzyna Kuczyńska,Defiant Role Playing Game,,
salt-a-world-history-kurlansky,book,Mark Kurlansky,Salt: A World History,,
the-quantum-magician-kunsken,book,Derek Künsken,The Quantum Magician,,
how-we-lost-the-vietnam-war-ky,book,Nguyễn Cao Kỳ,How We Lost the Vietnam War,,
a-wrinkle-in-time-lengle,book,Madeleine L'Engle,A Wrinkle in Time,,
six-wakes-lafferty,book,Mur Lafferty,Six Wakes,,
you-are-not-a-gadget-lanier,book,Jaron Lanier,You Are Not a Gadget,,
the-art-and-soul-of-dune-lapointe,book,Tanya Lapointe,The Art and Soul of Dune,,
breeding-contempt-the-history-of-coerced-sterilization-in-the-united-states-largent,book,Mark Largent,Breeding Contempt: The History of Coerced Sterilization in the United States,,
isaacs-storm-a-man-a-time-and-the-deadliest-hurricane-in-history-larson,book,Erik Larson,"Isaac's Storm: A Man, a Time, and the Deadliest Hurricane in History",,
the-devil-in-the-white-city-larson-tony-goldwyn,book,Erik Larson,The Devil in the White City,,
the-splendid-and-the-vile-a-saga-of-churchill-family-and-defiance-during-the-blitz-larson,audiobook,Erik Larson,"The Splendid and the Vile: A Saga of Churchill, Family, and Defiance During the Blitz",,
dungeon-world-latorra-adam-koebel,rpg,Sage LaTorra,Dungeon World,,
laboratory-life-the-construction-of-scientific-facts-latour-steve-woolgar,book,Bruno Latour,Laboratory Life: The Construction of Scientific Facts,,
science-in-action-how-to-follow-scientists-and-engineers-through-society-latour,book,Bruno Latour,Science in Action: How to Follow Scientists and Engineers Through Society,,
we-have-never-been-modern-latour,book,Bruno Latour,We Have Never Been Modern,,
retief-retief-1-3novella-laumer-eric-flint,book,Keith Laumer,Retief! (Retief #1-3+novella),,
the-cat-from-hue-a-vietnam-war-story-laurence,book,John Laurence,The Cat from Hue: A Vietnam War Story,,
seven-pillars-of-wisdom-lawrence,book,T.E. Lawrence,Seven Pillars of Wisdom,,
hamlets-hit-points-laws,rpg,Robin D. Laws,Hamlet's Hit Points,,
thirty-seconds-over-tokyo-aviation-classics-lawson-peter-b-mersky,book,Ted W. Lawson,Thirty Seconds Over Tokyo (Aviation Classics),,
ancillary-justice-leckie,book,Ann Leckie,Ancillary Justice,Imperial Radch,1
ancillary-mercy-leckie,book,Ann Leckie,Ancillary Mercy,Imperial Radch,3
ancillary-sword-leckie,book,Ann Leckie,Ancillary Sword,Imperial Radch,2
provenance-imperial-radch-leckie,book,Ann Leckie,Provenance (Imperial Radch),Imperial Radch,4
radiant-star-leckie,book,Ann Leckie,Radiant Star,Imperial Radch,6
the-raven-tower-leckie,book,Ann Leckie,The Raven Tower,,
translation-state-leckie,book,Ann Leckie,Translation State,Imperial Radch,5
acid-dreams-the-cia-lsd-and-the-sixties-rebellion-lee-bruce-shlain,book,Martin A. Lee,"Acid Dreams: The CIA, LSD and the Sixties Rebellion",,
conservation-of-shadows-lee-aliette-de-bodard,book,Yoon Ha Lee,Conservation of Shadows,,
hexarchate-stories-lee,book,Yoon Ha Lee,Hexarchate Stories,Machineries of Empire,4
ninefox-gambit-lee,book,Yoon Ha Lee,Ninefox Gambit,Machineries of Empire,1
raven-stratagem-lee,book,Yoon Ha Lee,Raven Stratagem,Machineries of Empire,2
revenant-gun-lee,book,Yoon Ha Lee,Revenant Gun,Machineries of Empire,3
ill-met-in-lankhmar-and-ship-of-shadows-two-novellas-leiber,book,Fritz Leiber,Ill Met in Lankhmar and Ship of Shadows: Two Novellas,,
the-big-time-leiber,book,Fritz Leiber,The Big Time,,
the-wanderer-leiber,book,Fritz Leiber,The Wanderer,,
tablets-shattered-the-end-of-an-american-jewish-century-and-the-future-of-jewish-life-leifer,book,Joshua Leifer,Tablets Shattered: The End of an American Jewish Century and the Future of Jewish Life,,
superfortress-lemay-yenne,book,Curtis LeMay,Superfortress: The Boeing B-29 and American Airpower in World War II,,
the-instability-of-truth-lemov-nieman,audiobook,Rebecca Lemov,"The Instability of Truth: Brainwashing, Mind Control, and Hyper-Persuasion",,
fire-in-the-hole-raylan-givens-25-leonard,book,Elmore Leonard,"Fire in the Hole (Raylan Givens, #2.5)",,
mastery-the-keys-to-success-and-long-term-fulfillment-leonard,audiobook,George Leonard,Mastery: The Keys to Success and Long-Term Fulfillment,,
if-then-how-the-simulmatics-corporation-invented-the-future-lepore,book,Jill Lepore,If Then: How the Simulmatics Corporation Invented the Future,,
gun-with-occasional-music-lethem,book,Jonathan Lethem,"Gun, With Occasional Music",,
a-journey-through-oligarch-valley-levine,book,Yasha Levine,A Journey Through Oligarch Valley,,
the-box-how-the-shipping-container-made-the-world-smaller-and-the-world-economy-bigger-levinson,book,Marc Levinson,The Box: How the Shipping Container Made the World Smaller and the World Economy Bigger,,
two-gun-cohen-a-biography-levy,book,Daniel S. Levy,Two-Gun Cohen: A Biography,,
love-and-sex-with-robots-levy,book,David N.L. Levy,Love and Sex with Robots,,
facebook-the-inside-story-levy,book,Steven Levy,Facebook: The Inside Story,,
churchills-shadow-raiders-the-race-to-develop-radar-world-war-iis-invisible-secret-weapon-lewis,book,Damien Lewis,"Churchill's Shadow Raiders: The Race to Develop Radar, World War II's Invisible Secret Weapon",,
the-first-sister-lewis,book,Linden A. Lewis,The First Sister,The First Sister,1
the-last-hero-lewis,book,Linden A. Lewis,The Last Hero,The First Sister,3
the-second-rebel-lewis,book,Linden A. Lewis,The Second Rebel,The First Sister,2
going-infinite-the-rise-and-fall-of-a-new-tycoon-lewis,book,Michael Lewis,Going Infinite: The Rise and Fall of a New Tycoon,,
the-big-short-inside-the-doomsday-machine-lewis,book,Michael Lewis,The Big Short: Inside the Doomsday Machine,,
disability-as-a-social-construct-legislative-roots-liachowitz,book,Claire H. Liachowitz,Disability as a Social Construct: Legislative Roots,,
unrestricted-warfare-chinas-master-plan-to-destroy-america-liang-wang-xiangsui,book,Qiao Liang,Unrestricted Warfare: China's Master Plan to Destroy America,,
the-emotional-life-of-the-toddler-lieberman,book,Alicia F. Lieberman,The Emotional Life of the Toddler,,
power-lines-electricity-in-american-life-and-letters-18821952-lieberman,book,Jennifer L. Lieberman,"Power Lines: Electricity in American Life and Letters, 1882–1952",,
a-job-to-love-the-school-of-life-library-life,book,The School of Life,A Job to Love (The School of Life Library),,
changer-lindskold,book,Jane Lindskold,Changer,,
magic-for-beginners-link-shelley-jackson,book,Kelly Link,Magic for Beginners,,
war-plan-red-the-united-states-secret-plans-to-invade-canada-and-canadas-secret-plans-to-invade-the-united-states-lippert,book,Kevin Lippert,War Plan Red: The United States' Secret Plans to Invade Canada and Canada's Secret Plans to Invade the United States,,
fighting-for-time-lipsman-edward-doyle,book,Samuel Lipsman,Fighting for Time,,
discovering-scarfolk-for-tourists-other-trespassers-littler,book,Richard Littler,Discovering Scarfolk: For Tourists & Other Trespassers,,
the-grace-of-kings-liu,book,Ken Liu,The Grace of Kings,,
the-paper-menagerie-and-other-stories-liu,book,Ken Liu,The Paper Menagerie and Other Stories,,
crossing-the-bar-the-adventures-of-a-san-francisco-bay-bar-pilot-lobo,book,Paul Lobo,Crossing the Bar: The Adventures of a San Francisco Bay Bar Pilot,,
embers-of-war-the-fall-of-an-empire-and-the-making-of-americas-vietnam-logevall,book,Fredrik Logevall,Embers Of War: The Fall of an Empire and the Making of America's Vietnam,,
the-new-disability-history-american-perspectives-the-history-of-disability-6-longmore-lauri-umansky,book,Paul K. Longmore,"The New Disability History: American Perspectives (The History of Disability, 6)",,
lancer-the-mech-rpg-core-rulebook-lopez-tom-parkinson-morgan,rpg,Miguel Lopez,Lancer: The Mech RPG Core Rulebook,,
lonely-vigil-coastwatchers-of-the-solomons-lord,book,Walter Lord,Lonely Vigil: Coastwatchers of the Solomons,,
the-secret-life-of-groceries-the-dark-miracle-of-the-american-supermarket-lorr,book,Benjamin Lorr,The Secret Life of Groceries: The Dark Miracle of the American Supermarket,,
law-of-attraction-the-science-of-attracting-more-of-what-you-want-and-less-of-what-you-dont-losier,book,Michael J. Losier,Law of Attraction: The Science of Attracting More of What You Want and Less of What You Don't,,
ethics-and-data-science-loukides-hilary-mason,book,Mike Loukides,Ethics and Data Science,,
tales-of-horror-lovecraft-kenneth-c-mondschein,book,H.P. Lovecraft,Tales of Horror,,
burndive-lowachee,book,Karin Lowachee,Burndive,,
savage-continent-europe-in-the-aftermath-of-world-war-ii-lowe,book,Keith Lowe,Savage Continent: Europe in the Aftermath of World War II,,
how-to-talk-to-anyone-92-little-tricks-for-big-success-in-relationships-lowndes,book,Leil Lowndes,How to Talk to Anyone: 92 Little Tricks for Big Success in Relationships,,
future-scouting-how-to-design-future-inventions-to-change-today-by-combining-speculative-design-design-fiction-design-thinking-life-centred-design-and-science-fiction-lutz,book,Damien Lutz,"Future Scouting: How to design future inventions to change today by combining speculative design, design fiction, design thinking, life-centred design, and science fiction",,
in-the-stacks-lynch,book,Scott Lynch,In the Stacks,,
the-republic-of-thieves-lynch,book,Scott Lynch,The Republic of Thieves,Locke Lamora,3
everything-must-go-the-stories-we-tell-about-the-end-of-the-world-lynskey,audiobook,Dorian Lynskey,Everything Must Go: The Stories We Tell About the End of the World,,
unplug-and-play-the-ultimate-illustrated-guide-to-roughhousing-with-your-kids-md-lawrence-j-cohen-phd,book,Anthony T. DeBenedet M.D.,Unplug and Play: The Ultimate Illustrated Guide to Roughhousing with Your Kids,,
severance-ma,book,Ling Ma,Severance,,
the-prince-machiavelli-nh-thompson,book,Niccolò Machiavelli,The Prince,,
the-prince-machiavelli-rufus-goodwin,book,Niccolò Machiavelli,The Prince,,
in-ascension-macinnes,book,Martin MacInnes,In Ascension,,
a-spy-among-friends-kim-philby-and-the-great-betrayal-macintyre-john-le-carre,book,Ben Macintyre,A Spy Among Friends: Kim Philby and the Great Betrayal,,
the-man-who-would-be-king-the-first-american-in-afghanistan-macintyre,book,Ben Macintyre,The Man Who Would Be King: The First American in Afghanistan,,
ice-station-zebra-maclean,book,Alistair MacLean,Ice Station Zebra,,
fire-on-the-mountain-the-true-story-of-the-south-canyon-fire-maclean,book,John N. Maclean,Fire on the Mountain: The True Story of the South Canyon Fire,,
song-of-time-macleod,book,Ian R. MacLeod,Song of Time,,
blowout-maddow,book,Rachel Maddow,Blowout,,
the-mountains-sing-mai,book,Nguyễn Phan Quế Mai,The Mountains Sing,,
raising-the-stakes-maitland,book,Terrence Maitland,Raising the Stakes,,
negotiating-the-impossible-how-to-break-deadlocks-and-resolve-ugly-conflicts-without-money-or-muscle-malhotra,book,Deepak Malhotra,Negotiating the Impossible: How to Break Deadlocks and Resolve Ugly Conflicts (without Money or Muscle),,
mercenaries-and-their-masters-warfare-in-renaissance-italy-mallett,book,Michael Edward Mallett,Mercenaries and their Masters: Warfare in Renaissance Italy,,
how-to-blow-up-a-pipeline-malm,book,Andreas Malm,How to Blow Up a Pipeline,,
the-peoples-republic-of-everything-mamatas-jeffrey-ford,book,Nick Mamatas,The People’s Republic of Everything,,
american-caesar-douglas-macarthur-1880-1964-manchester,book,William Manchester,American Caesar: Douglas MacArthur 1880-1964,,
the-tunnels-of-cu-chi-mangold-john-penycate,book,Tom Mangold,The Tunnels of Cu Chi,,
1491-new-revelations-of-the-americas-before-columbus-mann,book,Charles C. Mann,1491: New Revelations of the Americas Before Columbus,,
gestalt-therapy-mann,book,David Mann,Gestalt Therapy: 100 Key Points and Techniques,,
heat-2-mann-meg-gardiner,book,Michael Mann,Heat 2,,
models-attract-women-through-honesty-manson,book,Mark Manson,Models: Attract Women Through Honesty,,
wolf-hall-mantel,audiobook,Hilary Mantel,Wolf Hall,,
the-promise-and-the-dream-the-untold-story-of-martin-luther-king-jr-and-robert-f-kennedy-margolick-douglas-brinkley,book,David Margolick,"The Promise and the Dream: The Untold Story of Martin Luther King, Jr. And Robert F. Kennedy",,
domain-driven-design-quickly-marinescu-abel-avram,book,Floyd Marinescu,Domain-Driven Design Quickly,,
what-the-dormouse-said-how-the-sixties-counterculture-shaped-the-personal-computer-industry-markoff,book,John Markoff,What the Dormouse Said: How the Sixties Counterculture Shaped the Personal Computer Industry,,
matterhorn-marlantes,book,Karl Marlantes,Matterhorn,,
what-it-is-like-to-go-to-war-marlantes,book,Karl Marlantes,What It is Like to Go to War,,
the-plane-below-secrets-of-the-elemental-chaos-a-4th-edition-dd-supplement-marmell-bruce-r-cordell,rpg,Ari Marmell,The Plane Below: Secrets of the Elemental Chaos: A 4th Edition D&D Supplement,,
pork-chop-hill-marshall,book,S.L.A. Marshall,Pork Chop Hill,,
wilderness-of-mirrors-intrigue-deception-and-the-secrets-that-destroyed-two-of-the-cold-wars-most-important-agents-martin,book,David C. Martin,"Wilderness of Mirrors: Intrigue, Deception, and the Secrets that Destroyed Two of the Cold War's Most Important Agents",,
a-dance-with-dragons-martin,book,George R.R. Martin,A Dance with Dragons,,
a-knight-of-the-seven-kingdoms-the-tales-of-dunk-and-egg-1-3-martin-gary-gianni,book,George R.R. Martin,"A Knight of the Seven Kingdoms (The Tales of Dunk and Egg, #1-3)",,
rogues-martin-gardner-dozois,book,George R.R. Martin,Rogues,,
tuf-voyaging-martin,book,George R.R. Martin,Tuf Voyaging,,
warriors-1-martin-gardner-dozois,book,George R.R. Martin,Warriors 1,,
predator-the-remote-control-air-war-over-iraq-and-afghanistan-a-pilots-story-martin-charles-sasser,book,Matthew J. Martin,Predator: The Remote-Control Air War Over Iraq and Afghanistan: A Pilot's Story,,
a-desolation-called-peace-martine,book,Arkady Martine,A Desolation Called Peace,Teixcalaan,2
a-memory-called-empire-martine,book,Arkady Martine,A Memory Called Empire,Teixcalaan,1
the-tongue-trade-martineck,book,Michael J. Martineck,The Tongue Trade,,
working-futures-14-speculative-stories-about-the-future-of-work-masnick-keyan-bowes,book,Mike Masnick,Working Futures: 14 Speculative Stories About The Future Of Work,,
chickenhawk-mason,book,Robert Mason,Chickenhawk,,
void-star-mason,book,Zachary Mason,Void Star,,
i-am-legend-the-omega-man-medallion-s2041-matheson,book,Richard Matheson,I Am Legend / The Omega Man (Medallion S2041),,
roman-aristocrats-in-barbarian-gaul-strategies-for-survival-in-an-age-of-transition-mathisen,book,Ralph W. Mathisen,Roman Aristocrats in Barbarian Gaul: Strategies for Survival in an Age of Transition,,
hard-wired-island-matijevic-freyja-erlingsdottir,rpg,Paul Matijevic,Hard Wired Island,,
a-storm-of-spears-matthew,book,Christopher Matthew,A Storm of Spears,,
the-universe-replied-mattox,book,Brendan Mattox,The Universe Replied: An Oral History of Romance Is Boring by Los Campesinos!,,
infinite-detail-maughan,book,Tim Maughan,Infinite Detail,,
paintwork-maughan,book,Tim Maughan,Paintwork,,
up-front-mauldin-stephen-e-ambrose,book,Bill Mauldin,Up Front,,
the-big-con-the-story-of-the-confidence-man-maurer-lucy-sante,book,David W. Maurer,The Big Con: The Story of the Confidence Man,,
films-from-the-future-the-technology-and-morality-of-sci-fi-movies-analyzing-the-future-maynard,book,Andrew Maynard,Films from the Future: The Technology and Morality of Sci-Fi Movies (Analyzing the Future),,
a-sword-into-darkness-the-patron-cycle-book-1-mays,book,Thomas A. Mays,A Sword Into Darkness (The Patron Cycle Book 1),,
the-way-of-the-knife-the-cia-a-secret-army-and-a-war-at-the-ends-of-the-earth-mazzetti,book,Mark Mazzetti,"The Way of the Knife: The CIA, a Secret Army, and a War at the Ends of the Earth",,
cowboy-angels-mcauley,book,Paul McAuley,Cowboy Angels,,
the-quiet-war-mcauley,book,Paul McAuley,The Quiet War,,
the-heaven-earth-grocery-store-mcbride,book,James McBride,The Heaven & Earth Grocery Store,,
all-meat-looks-like-south-america-the-world-of-bruce-mccall-mccall,book,Bruce McCall,All Meat Looks Like South America: The World of Bruce McCall,,
team-of-teams-new-rules-of-engagement-for-a-complex-world-mcchrystal-chris-fussell,book,Stanley McChrystal,Team of Teams: New Rules of Engagement for a Complex World,,
the-tango-war-the-struggle-for-the-hearts-minds-and-riches-of-latin-america-during-world-war-ii-mcconahay,book,Mary Jo McConahay,"The Tango War: The Struggle for the Hearts, Minds and Riches of Latin America During World War II",,
rebooting-the-academy-mccormick-jeffrey-young,book,Tim McCormick,Rebooting the Academy,,
1776-mccullough,book,David McCullough,1776,,
mornings-on-horseback-mccullough,book,David McCullough,Mornings on Horseback,,
the-path-between-the-seas-the-creation-of-the-panama-canal-1870-1914-mccullough,book,David McCullough,"The Path Between the Seas: The Creation of the Panama Canal, 1870-1914",,
the-wright-brothers-mccullough,book,David McCullough,The Wright Brothers,,
moon-rising-mcdonald,book,Ian McDonald,Moon Rising,,
new-moon-mcdonald,book,Ian McDonald,New Moon,,
wolf-moon-mcdonald,book,Ian McDonald,Wolf Moon,,
william-tecumseh-sherman-in-the-service-of-my-country-a-life-mcdonough,book,James Lee McDonough,William Tecumseh Sherman: In the Service of My Country: A Life,,
platoon-leader-a-memoir-of-command-in-combat-mcdonough,book,James R. McDonough,Platoon Leader: A Memoir of Command in Combat,,
cracking-the-coding-interview-189-programming-questions-and-solutions-mcdowell,book,Gayle Laakmann McDowell,Cracking the Coding Interview: 189 Programming Questions and Solutions,,
reality-is-broken-why-games-make-us-better-and-how-they-can-change-the-world-mcgonigal,book,Jane McGonigal,Reality is Broken: Why Games Make Us Better and How They Can Change the World,,
the-party-the-secret-world-of-chinas-communist-rulers-mcgregor,book,Richard McGregor,The Party: The Secret World of China's Communist Rulers,,
every-heart-a-doorway-mcguire,book,Seanan McGuire,Every Heart a Doorway,,
lightspeed-magazine-issue-61-june-2015-queers-destroy-science-fiction-mcguire-john-chu,book,Seanan McGuire,"Lightspeed Magazine, Issue 61, June 2015: Queers Destroy Science Fiction!",,
mothers-other-monsters-stories-mchugh,book,Maureen F. McHugh,Mothers & Other Monsters: Stories,,
dreamsnake-mcintyre,book,Vonda N. McIntyre,Dreamsnake,,
deadly-sky-the-american-combat-airman-in-world-war-ii-mcmanus,book,John C. McManus,Deadly Sky: The American Combat Airman in World War II,,
dereliction-of-duty-lyndon-johnson-robert-mcnamara-the-joint-chiefs-of-staff-and-the-lies-that-led-to-vietnam-mcmaster,book,H.R. McMaster,"Dereliction of Duty: Lyndon Johnson, Robert McNamara, the Joint Chiefs of Staff, and the Lies That Led to Vietnam",,
because-our-fathers-lied-a-memoir-of-truth-and-family-from-vietnam-to-today-mcnamara,book,Craig McNamara,"Because Our Fathers Lied: A Memoir of Truth and Family, from Vietnam to Today",,
the-pursuit-of-power-mcneill,book,William H. McNeill,The Pursuit of Power,,
breach-the-hull-mcphail-jack-mcdevitt,book,Mike McPhail,Breach the Hull,,
battle-cry-of-freedom-the-civil-war-era-mcpherson,book,James M. McPherson,Battle Cry of Freedom: The Civil War Era,,
thinking-in-systems-a-primer-meadows-diana-wright,book,Donella H. Meadows,Thinking In Systems: A Primer,,
terraform-watchworldsburn-merchant-claire-l-evans,book,Brian Merchant,Terraform: Watch/Worlds/Burn,,
where-the-rivers-ran-backward-merritt,book,William E. Merritt,Where the Rivers Ran Backward,,
the-submerged-state-how-invisible-government-policies-undermine-american-democracy-chicago-studies-in-american-politics-mettler,book,Suzanne Mettler,The Submerged State: How Invisible Government Policies Undermine American Democracy (Chicago Studies in American Politics),,
the-borgias-the-hidden-history-meyer,book,G.J. Meyer,The Borgias: The Hidden History,,
across-the-fence-the-secret-war-in-vietnam-expanded-edition-meyer,book,John Stryker Meyer,Across The Fence: The Secret War in Vietnam (Expanded Edition),,
the-ostrich-paradox-why-we-underprepare-for-disasters-meyer-howard-kunreuther,book,Robert Meyer,The Ostrich Paradox: Why We Underprepare for Disasters,,
bringing-down-the-house-the-inside-story-of-six-mit-students-who-took-vegas-for-millions-mezrich,book,Ben Mezrich,Bringing Down the House: The Inside Story of Six M.I.T. Students Who Took Vegas for Millions,,
hawking-incorporated-stephen-hawking-and-the-anthropology-of-the-knowing-subject-mialet,book,Helene Mialet,Hawking Incorporated: Stephen Hawking and the Anthropology of the Knowing Subject,,
not-a-gentlemans-war-an-inside-view-of-junior-officers-in-the-vietnam-war-milam,book,Ron Milam,Not a Gentleman's War: An Inside View of Junior Officers in the Vietnam War,,
everything-change-an-anthology-of-climate-fiction-milkoreit-meredith-martinez,book,Manjana Milkoreit,Everything Change: An Anthology of Climate Fiction,,
masters-of-the-air-americas-bomber-boys-who-fought-the-air-war-against-nazi-germany-miller,book,Donald L. Miller,Masters of the Air: America's Bomber Boys Who Fought the Air War Against Nazi Germany,,
passion-of-michel-foucault-miller,book,James Miller,Passion of Michel Foucault,,
the-bridge-at-dong-ha-miller,book,John Grider Miller,The Bridge at Dong Ha,,
the-co-vans-us-marine-advisors-in-vietnam-miller-edwin-h-simmons,book,John Grider Miller,The Co-Vans: U.S. Marine Advisors in Vietnam,,
circe-miller,book,Madeline Miller,Circe,,
weapons-of-mass-destruction-specters-of-the-nuclear-age-miller,book,Martin Miller,Weapons of Mass Destruction: Specters of the Nuclear Age,,
americas-rasputin-walt-rostow-and-the-vietnam-war-milne,book,David Milne,America's Rasputin: Walt Rostow and the Vietnam War,,
churchills-ministry-of-ungentlemanly-warfare-the-mavericks-who-plotted-hitlers-defeat-milton,book,Giles Milton,Churchill's Ministry of Ungentlemanly Warfare: The Mavericks Who Plotted Hitler's Defeat,,
when-churchill-slaughtered-sheep-and-stalin-robbed-a-bank-historys-unknown-chapters-milton,book,Giles Milton,When Churchill Slaughtered Sheep and Stalin Robbed a Bank: History's Unknown Chapters,,
the-cybernetic-samurai-milan,book,Victor Milán,The Cybernetic Samurai,,
arriving-today-from-factory-to-front-door-why-everything-has-changed-about-how-and-what-we-buy-mims,book,Christopher Mims,Arriving Today: From Factory to Front Door-Why Everything Has Changed About How and What We Buy,,
digital-apollo-human-and-machine-in-spaceflight-mindell,book,David A. Mindell,Digital Apollo: Human and Machine in Spaceflight,,
dr-seuss-goes-to-war-the-world-war-ii-editorial-cartoons-of-theodor-seuss-geisel-minear-art-spiegelman,book,Richard H. Minear,Dr. Seuss Goes to War: The World War II Editorial Cartoons of Theodor Seuss Geisel,,
sketches-of-a-black-cat-full-color-collectors-edition-story-of-a-night-flying-wwii-pilot-and-artist-miner,book,Ron Miner,Sketches of a Black Cat - Full Color Collector's Edition: Story of a night flying WWII pilot and artist,,
stuff-matters-exploring-the-marvelous-materials-that-shape-our-man-made-world-miodownik,book,Mark Miodownik,Stuff Matters: Exploring the Marvelous Materials That Shape Our Man-Made World,,
complexity-a-guided-tour-mitchell,book,Melanie Mitchell,Complexity: A Guided Tour,,
forgotten-ally-chinas-world-war-ii-1937-1945-mitter,book,Rana Mitter,"Forgotten Ally: China's World War II, 1937-1945",,
embassytown-mieville,book,China Miéville,Embassytown,,
king-rat-mieville,book,China Miéville,King Rat,,
railsea-mieville,book,China Miéville,Railsea,,
the-city-the-city-mieville,book,China Miéville,The City & the City,,
the-scar-mieville,book,China Miéville,The Scar,New Crobuzon,2
voice-lessons-for-parents-what-to-say-how-to-say-it-and-when-to-listen-mogel,book,Wendy Mogel,"Voice Lessons for Parents: What to Say, How to Say it, and When to Listen",,
no-one-will-come-back-for-us-and-other-stories-mohamed,book,Premee Mohamed,No One Will Come Back For Us and Other Stories,,
the-body-multiple-ontology-in-medical-practice-science-and-cultural-theory-mol,book,Annemarie Mol,The Body Multiple: Ontology in Medical Practice (Science and Cultural Theory),,
cultish-the-language-of-fanaticism-montell,book,Amanda Montell,Cultish: The Language of Fanaticism,,
marque-and-reprisal-moon,book,Elizabeth Moon,Marque and Reprisal,Vatta’s War,2
trading-in-danger-moon,book,Elizabeth Moon,Trading in Danger,Vatta’s War,1
best-sf-stories-from-new-worlds-vol-2-moorcock,book,Michael Moorcock,"Best SF Stories from New Worlds, Vol. 2",,
watchmen-moore-dave-gibbons,book,Alan Moore,Watchmen,,
the-amphetamine-debate-the-use-of-adderall-ritalin-and-related-drugs-for-behavior-modification-neuroenhancement-and-anti-aging-purposes-mcfarland-health-topics-moore,book,Elaine A. Moore,"The Amphetamine Debate: The Use of Adderall, Ritalin and Related Drugs for Behavior Modification, Neuroenhancement and Anti-Aging Purposes (McFarland Health Topics)",,
we-were-soldiers-once-and-young-ia-drang-the-battle-that-changed-the-war-in-vietnam-moore-joseph-l-galloway,book,Harold G. Moore,We Were Soldiers Once... and Young: Ia Drang - The Battle that Changed the War in Vietnam,,
the-green-berets-the-amazing-story-of-the-u-s-armys-elite-special-forces-unit-moore,book,Robin Moore,The Green Berets: The Amazing Story of the U. S. Army's Elite Special Forces Unit,,
battle-of-the-linguist-mages-moore,book,Scotto Moore,Battle of the Linguist Mages,,
future-daddy-the-ultimate-guide-for-first-time-dads-mooring,book,Andres Mooring,Future Daddy The Ultimate Guide For First Time Dads,,
blowing-my-cover-my-life-as-a-cia-spy-moran,book,Lindsay Moran,Blowing My Cover: My Life as a CIA Spy,,
altered-carbon-morgan,book,Richard K. Morgan,Altered Carbon,,
thirteen-morgan,book,Richard K. Morgan,Thirteen,,
ghost-spin-moriarty,book,Chris Moriarty,Ghost Spin,Spin,3
spin-control-moriarty,book,Chris Moriarty,Spin Control,Spin,2
spin-state-moriarty,book,Chris Moriarty,Spin State,Spin,1
fiasco-morningstar,rpg,Jason Morningstar,Fiasco,,
night-witches-morningstar,rpg,Jason Morningstar,Night Witches,,
the-fiasco-companion-morningstar-steve-segedy,rpg,Jason Morningstar,The Fiasco Companion,,
winterhorn-morningstar,rpg,Jason Morningstar,Winterhorn,,
the-net-delusion-the-dark-side-of-internet-freedom-morozov,book,Evgeny Morozov,The Net Delusion: The Dark Side of Internet Freedom,,
rain-of-fire-morrocco-robert-manning,book,John Morrocco,Rain of Fire,,
the-moon-a-history-for-the-future-economist-books-morton-the-economist,book,Oliver Morton,The Moon: A History for the Future (Economist Books),,
the-planet-remade-how-geoengineering-could-change-the-world-morton,book,Oliver Morton,The Planet Remade: How Geoengineering Could Change the World,,
my-year-of-rest-and-relaxation-moshfegh-whelan,audiobook,Ottessa Moshfegh,My Year of Rest and Relaxation,,
futureland-mosley,book,Walter Mosley,Futureland,,
paths-of-innovation-technological-change-in-20th-century-america-mowery-nathan-rosenberg,book,David C. Mowery,Paths of Innovation: Technological Change in 20th-Century America,,
gideon-the-ninth-muir,book,Tamsyn Muir,Gideon the Ninth,The Locked Tomb,1
harrow-the-ninth-muir,book,Tamsyn Muir,Harrow the Ninth,The Locked Tomb,2
nona-the-ninth-muir,book,Tamsyn Muir,Nona the Ninth,The Locked Tomb,3
undercover-muir,book,Tamsyn Muir,Undercover,,
dak-to-americas-sky-soldiers-in-south-vietnams-central-highlands-murphy,book,Edward F. Murphy,Dak To: America's Sky Soldiers in South Vietnam's Central Highlands,,
red-noise-murphy,book,John P. Murphy,Red Noise,,
hearing-the-other-side-deliberative-versus-participatory-democracy-mutz,book,Diana C. Mutz,Hearing the Other Side: Deliberative versus Participatory Democracy,,
cruising-utopia-the-then-and-there-of-queer-futurity-munoz,book,José Esteban Muñoz,Cruising Utopia: The Then and There of Queer Futurity,,
the-moscow-rules-the-secret-cia-tactics-that-helped-america-win-the-cold-war-mendez-jonna-mendez,book,Antonio J. Méndez,The Moscow Rules: The Secret CIA Tactics That Helped America Win the Cold War,,
governmentality-biopower-and-everyday-life-routledge-studies-in-social-and-political-thought-nadesan,book,Majia Holmer Nadesan,"Governmentality, Biopower, and Everyday Life (Routledge Studies in Social and Political Thought)",,
first-light-nagata,book,Linda Nagata,First Light,The Red,1
going-dark-nagata,book,Linda Nagata,Going Dark,The Red,3
the-trials-the-red-trilogy-book-2-nagata,book,Linda Nagata,The Trials (The Red Trilogy Book 2),The Red,2
knife-fights-a-memoir-of-modern-war-in-theory-and-practice-nagl,book,John A. Nagl,Knife Fights: A Memoir of Modern War in Theory and Practice,,
the-making-of-dune-naha,book,Ed Naha,The Making Of Dune,,
36-streets-napper,book,T.R. Napper,36 Streets,,
aliens-napper-,audiobook,T.R. Napper,Aliens: Bishop,,
neon-leviathan-napper,book,T.R. Napper,Neon Leviathan,,
the-escher-man-napper,book,T.R. Napper,The Escher Man,,
wraith-recon-nash,rpg,Pete Nash,Wraith Recon,,
the-mountain-in-the-sea-nayler,book,Ray Nayler,The Mountain in the Sea,,
where-the-axe-is-buried-nayler-wong,audiobook,Ray Nayler,Where the Axe Is Buried,,
sinister-extremity-a-love-story-neill,book,Hugh Neill,Sinister Extremity: A Love Story,,
of-orcas-and-men-blend-of-science-and-activism-arguing-orcas-reveal-the-cost-of-human-exploitation-neiwert,book,David Neiwert,Of Orcas and Men: Blend of science and activism arguing orcas reveal the cost of human exploitation.,,
freezing-people-is-not-easy-my-adventures-in-cryonics-nelson-kenneth-bly,book,Bob Nelson,Freezing People Is (Not) Easy: My Adventures In Cryonics,,
stories-and-their-limits-reflective-bioethics-nelson,book,Hilde Lindemann Nelson,Stories and Their Limits (Reflective Bioethics),,
breath-the-new-science-of-a-lost-art-nestor,audiobook,James Nestor,Breath: The New Science of a Lost Art,,
astounding-john-w-campbell-isaac-asimov-robert-a-heinlein-l-ron-hubbard-and-the-golden-age-of-science-fiction-nevala-lee,book,Alec Nevala-Lee,"Astounding: John W. Campbell, Isaac Asimov, Robert A. Heinlein, L. Ron Hubbard, and the Golden Age of Science Fiction",,
bury-us-upside-down-the-misty-pilots-and-the-secret-battle-for-the-ho-chi-minh-trail-newman-don-shepperd,book,Rick Newman,Bury Us Upside Down: The Misty Pilots and the Secret Battle for the Ho Chi Minh Trail,,
games-agency-as-art-thinking-art-nguyen,book,C. Thi Nguyen,Games: Agency As Art (Thinking Art),,
the-score-nguyen-nguyen,audiobook,C. Thi Nguyen,The Score: How to Stop Playing Somebody Else's Game,,
hanois-war-an-international-history-of-the-war-for-peace-in-vietnam-new-cold-war-history-nguyen,book,Lien-Hang T. Nguyen,Hanoi's War: An International History of the War for Peace in Vietnam (New Cold War History),,
the-committed-nguyen,book,Viet Thanh Nguyen,The Committed,,
the-sympathizer-nguyen,book,Viet Thanh Nguyen,The Sympathizer,,
seize-the-fire-nicolson,book,Adam Nicolson,"Seize the Fire: Heroism, Duty, and Nelson's Battle of Trafalgar",,
wicked-ones-nielson-victor-costa,rpg,Ben Nielson,Wicked Ones,,
the-sorrow-of-war-ninh-phan-thanh-hao,book,Bảo Ninh,The Sorrow of War,,
flatlander-niven,book,Larry Niven,Flatlander,,
footfall-niven-jerry-pournelle,book,Larry Niven,Footfall,,
ringworld-niven,book,Larry Niven,Ringworld,,
the-gripping-hand-niven-jerry-pournelle,book,Larry Niven,The Gripping Hand,,
the-mote-in-gods-eye-niven-jerry-pournelle,book,Larry Niven,The Mote in God's Eye,,
saigon-for-a-song-the-true-story-of-a-vietnam-gig-to-remember-noel,book,Reuben Noel,Saigon for a Song : The True Story of a Vietnam Gig to Remember,,
the-design-of-everyday-things-norman,book,Donald A. Norman,The Design of Everyday Things,,
the-first-fifteen-lives-of-harry-august-north,book,Claire North,The First Fifteen Lives of Harry August,,
a-deadly-education-novik,book,Naomi Novik,A Deadly Education,Scholomance,1
his-majestys-dragon-novik,book,Naomi Novik,His Majesty's Dragon,,
the-golden-enclaves-novik,book,Naomi Novik,The Golden Enclaves,Scholomance,3
the-last-graduate-novik,book,Naomi Novik,The Last Graduate,Scholomance,2
uprooted-novik,book,Naomi Novik,Uprooted,,
desolation-island-obrian,audiobook,Patrick O'Brian,Desolation Island,Aubrey–Maturin,5
hms-surprise-obrian,book,Patrick O'Brian,H.M.S. Surprise,Aubrey–Maturin,3
master-commander-obrian,book,Patrick O'Brian,Master & Commander,Aubrey–Maturin,1
post-captain-obrian,book,Patrick O'Brian,Post Captain,Aubrey–Maturin,2
the-far-side-of-the-world-obrian-vance,audiobook,Patrick O'Brian,The Far Side of the World,Aubrey–Maturin,10
the-fortune-of-war-obrian,audiobook,Patrick O'Brian,The Fortune of War,Aubrey–Maturin,6
the-ionian-mission-obrian,audiobook,Patrick O'Brian,The Ionian Mission,Aubrey–Maturin,8
the-mauritius-command-obrian,audiobook,Patrick O'Brian,The Mauritius Command,Aubrey–Maturin,4
the-surgeons-mate-obrian,audiobook,Patrick O'Brian,The Surgeon's Mate,Aubrey–Maturin,7
treasons-harbour-obrian-vance,audiobook,Patrick O'Brian,Treason's Harbour,Aubrey–Maturin,9
going-after-cacciato-obrien,book,Tim O'Brien,Going After Cacciato,,
the-things-they-carried-obrien,book,Tim O'Brien,The Things They Carried,,
michael-collins-and-the-troubles-oconnor,book,Ulick O'Connor,Michael Collins and the Troubles,,
pagans-the-end-of-traditional-religion-and-the-rise-of-christianity-odonnell,book,James J. O'Donnell,Pagans: The End of Traditional Religion and the Rise of Christianity,,
velocity-weapon-okeefe,book,Megan E. O'Keefe,Velocity Weapon,,
chaos-oneill-oneill,audiobook,Tom O'Neill,"Chaos: Charles Manson, the CIA, and the Secret History of the Sixties",,
those-who-trespass-a-novel-of-television-and-murder-oreilly,book,Bill O'Reilly,Those Who Trespass: A Novel of Television and Murder,,
ready-set-go-a-gentle-parenting-guide-to-calmer-quicker-potty-training-ockwell-smith,book,Sarah Ockwell-Smith,"Ready, Set, Go!: A Gentle Parenting Guide to Calmer, Quicker Potty Training",,
a-haunt-for-jackals-odom,book,J.L. Odom,A Haunt for Jackals,Land of Exiles,2
by-blood-by-salt-odom,book,J.L. Odom,"By Blood, by Salt",Land of Exiles,1
descendant-of-war-ogden,book,G.J. Ogden,Descendant of War,,
fighter-pilot-the-memoirs-of-legendary-ace-robin-olds-olds-ed-rasimus,book,Robin Olds,Fighter Pilot: The Memoirs of Legendary Ace Robin Olds,,
distinguishing-disability-parents-privilege-and-special-education-ong-dean,book,Colin Ong-Dean,"Distinguishing Disability: Parents, Privilege, and Special Education",,
guillotine-opie,book,Robert Frederick Opie,Guillotine,,
six-days-of-war-june-1967-and-the-making-of-the-modern-middle-east-oren,book,Michael B. Oren,Six Days of War: June 1967 and the Making of the Modern Middle East,,
merchants-of-doubt-how-a-handful-of-scientists-obscured-the-truth-on-issues-from-tobacco-smoke-to-global-warming-oreskes-erik-m-conway,book,Naomi Oreskes,Merchants of Doubt: How a Handful of Scientists Obscured the Truth on Issues from Tobacco Smoke to Global Warming,,
the-collapse-of-western-civilization-a-view-from-the-future-oreskes-erik-m-conway,book,Naomi Oreskes,The Collapse of Western Civilization: A View from the Future,,
the-software-engineers-guidebook-navigating-senior-tech-lead-and-staff-engineer-positions-at-tech-companies-and-startups-orosz,book,Gergely Orosz,"The Software Engineer's Guidebook: Navigating senior, tech lead, and staff engineer positions at tech companies and startups",,
science-strategy-and-war-strategy-and-history-osinga,book,Frans P.B. Osinga,"Science, Strategy and War (Strategy and History)",,
lbj-and-mcnamara-the-vietnam-partnership-destined-to-fail-osnos,book,Peter L.W. Osnos,LBJ and McNamara: The Vietnam Partnership Destined to Fail,,
cribsheet-a-data-driven-guide-to-better-more-relaxed-parenting-from-birth-to-preschool-oster,book,Emily Oster,"Cribsheet: A Data-Driven Guide to Better, More Relaxed Parenting, from Birth to Preschool",,
expecting-better-why-the-conventional-pregnancy-wisdom-is-wrong-and-what-you-really-need-to-know-oster,book,Emily Oster,Expecting Better: Why the Conventional Pregnancy Wisdom is Wrong - and What You Really Need to Know,,
understanding-institutional-diversity-princeton-paperbacks-ostrom,book,Elinor Ostrom,Understanding Institutional Diversity (Princeton Paperbacks),,
why-the-allies-won-overy,book,Richard Overy,Why the Allies Won,,
war-beneath-the-sea-padfield,book,Peter Padfield,War Beneath The Sea,,
trevor-paglen-paglen,book,Trevor Paglen,"From the Archives of Peter Merlin, Aviation Archaeologist",,
recoding-america-why-government-is-failing-in-the-digital-age-and-how-we-can-do-better-pahlka,book,Jennifer Pahlka,Recoding America: Why Government Is Failing in the Digital Age and How We Can Do Better,,
perhaps-the-stars-palmer,book,Ada Palmer,Perhaps the Stars,Terra Ignota,4
seven-surrenders-palmer,book,Ada Palmer,Seven Surrenders,Terra Ignota,2
the-will-to-battle-palmer,book,Ada Palmer,The Will to Battle,Terra Ignota,3
too-like-the-lightning-palmer,book,Ada Palmer,Too Like the Lightning,Terra Ignota,1
i-just-want-this-done-how-smart-successful-people-get-divorced-without-losing-their-kids-money-and-minds-palmer,book,Raiford Dalton Palmer,"I Just Want This Done: How Smart, Successful People Get Divorced Without Losing Their Kids, Money, and Minds",,
volta-science-and-culture-in-the-age-of-enlightenment-pancaldi,book,Giuliano Pancaldi,Volta: Science and Culture in the Age of Enlightenment,,
a-practical-guide-to-conquering-the-world-parker,book,K. J. Parker,A Practical Guide to Conquering the World,The Siege,3
devices-and-desires-parker,book,K.J. Parker,Devices and Desires,,
how-to-rule-an-empire-and-get-away-with-it-parker,book,K.J. Parker,How to Rule an Empire and Get Away with It,The Siege,2
sixteen-ways-to-defend-a-walled-city-parker,book,K.J. Parker,Sixteen Ways to Defend a Walled City,The Siege,1
the-art-of-gathering-how-we-meet-and-why-it-matters-parker,book,Priya Parker,The Art of Gathering: How We Meet and Why It Matters,,
a-game-of-birds-and-wolves-the-ingenious-young-women-whose-secret-board-game-helped-win-world-war-ii-parkin,book,Simon Parkin,A Game of Birds and Wolves: The Ingenious Young Women Whose Secret Board Game Helped Win World War II,,
sog-medic-stories-from-vietnam-and-over-the-fence-parnar-robert-dumont,book,Joe Parnar,SOG Medic: Stories from Vietnam and Over the Fence,,
shattered-sword-the-untold-story-of-the-battle-of-midway-parshall-anthony-p-tully,book,Jonathan Parshall,Shattered Sword: The Untold Story of the Battle of Midway,,
prevail-the-inspiring-story-of-ethiopias-victory-over-mussolinis-invasion-1935-1941-pearce,book,Jeff Pearce,"Prevail: The Inspiring Story of Ethiopia's Victory over Mussolini's Invasion, 1935-1941",,
the-central-intelligence-agency-and-overhead-reconnaissance-the-u-2-and-oxcart-programs-1954-1974-pedlow-donald-e-welzenbach,book,Gregory W. Pedlow,"The Central Intelligence Agency and Overhead Reconnaissance: The U-2 and OXCART Programs, 1954-1974",,
gunpowder-moon-pedreira,book,David Pedreira,Gunpowder Moon,,
omon-ra-pelevin-andrew-bromfield,book,Victor Pelevin,Omon Ra,,
mood-machine-the-rise-of-spotify-and-the-costs-of-the-perfect-playlist-pelly,book,Liz Pelly,Mood Machine: The Rise of Spotify and the Costs of the Perfect Playlist,,
licensed-to-kill-hired-guns-in-the-war-on-terror-pelton,book,Robert Young Pelton,Licensed to Kill: Hired Guns in the War on Terror,,
strange-angel-the-otherworldly-life-of-rocket-scientist-john-whiteside-parsons-a-portrait-of-the-jpl-founder-genius-rocketry-and-the-occult-pendle,book,George Pendle,"Strange Angel: The Otherworldly Life of Rocket Scientist John Whiteside Parsons – A Portrait of the JPL Founder: Genius, Rocketry, and the Occult",,
architecture-patterns-with-python-enabling-test-driven-development-domain-driven-design-and-event-driven-microservices-percival-bob-gregory,book,Harry Percival,"Architecture Patterns with Python: Enabling Test-Driven Development, Domain-Driven Design, and Event-Driven Microservices",,
mating-in-captivity-reconciling-the-erotic-and-the-domestic-perel,book,Esther Perel,Mating in Captivity: Reconciling the Erotic and the Domestic,,
the-art-of-wargaming-a-guide-for-professionals-and-hobbyists-perla,book,Peter P. Perla,The Art of Wargaming: A Guide for Professionals and Hobbyists,,
favela-four-decades-of-living-on-the-edge-in-rio-de-janeiro-perlman-fernando-henrique-cardoso,book,Janice Perlman,Favela: Four Decades of Living on the Edge in Rio de Janeiro,,
normal-accidents-living-with-high-risk-technologies-perrow,book,Charles Perrow,Normal Accidents: Living with High-Risk Technologies,,
the-art-of-procrastination-a-guide-to-effective-dawdling-lollygagging-and-postponing-perry,book,John Perry,"The Art of Procrastination: A Guide to Effective Dawdling, Lollygagging and Postponing",,
how-not-to-network-a-nation-the-uneasy-history-of-the-soviet-internet-information-policy-peters,book,Benjamin Peters,How Not to Network a Nation: The Uneasy History of the Soviet Internet (Information Policy),,
the-war-in-2020-peters,book,Ralph Peters,The War in 2020,,
game-wizards-the-epic-battle-for-dungeons-dragons-game-histories-peterson,rpg,Jon Peterson,Game Wizards: The Epic Battle for Dungeons & Dragons (Game Histories),,
thomas-sebeok-and-the-signs-of-life-petrilli-augusto-ponzio,book,Susan Petrilli,Thomas Sebeok and the Signs of Life,,
when-experiments-travel-clinical-trials-and-the-global-search-for-human-subjects-petryna,book,Adriana Petryna,When Experiments Travel: Clinical Trials and the Global Search for Human Subjects,,
the-invention-of-news-how-the-world-came-to-know-about-itself-pettegree,book,Andrew Pettegree,The Invention of News: How the World Came to Know About Itself,,
the-cardinals-blades-pevel-jon-sullivan,book,Pierre Pevel,The Cardinal's Blades,,
modern-perspectives-on-game-design-studies-in-game-design-book-2-phillies-tom-vasel,book,George D.J. Phillies,Modern Perspectives on Game Design (Studies in Game Design Book 2),,
james-tiptree-jr-the-double-life-of-alice-b-sheldon-phillips,book,Julie Phillips,"James Tiptree, Jr.: The Double Life of Alice B. Sheldon",,
this-is-why-we-cant-have-nice-things-mapping-the-relationship-between-online-trolling-and-mainstream-culture-information-society-series-phillips,book,Whitney Phillips,This Is Why We Can't Have Nice Things: Mapping the Relationship Between Online Trolling and Mainstream Culture (Information Society Series),,
night-of-the-silver-stars-the-battle-of-lang-vei-phillips,book,William R. Phillips,Night of the Silver Stars: The Battle of Lang Vei,,
education-in-the-age-of-biocapitalism-optimizing-educational-life-for-a-flat-world-pierce,book,Clayton Pierce,Education in the Age of Biocapitalism: Optimizing Educational Life for a Flat World,,
woman-on-the-edge-of-time-piercy,book,Marge Piercy,Woman on the Edge of Time,,
pavn-peoples-army-of-vietnam-pike,book,Douglas Pike,PAVN: People's Army of Vietnam,,
5-novels-alan-mendelsohn-the-boy-from-mars-slaves-of-spiegel-the-snarkout-boys-and-the-avocado-of-death-the-last-guru-young-adult-novel-pinkwater-jules-feiffer,book,Daniel Pinkwater,"5 Novels: Alan Mendelsohn, the Boy from Mars / Slaves of Spiegel / The Snarkout Boys and the Avocado of Death / The Last Guru / Young Adult Novel",,
for-the-love-of-men-a-new-vision-for-mindful-masculinity-plank,book,Liz Plank,For the Love of Men: A New Vision for Mindful Masculinity,,
sog-secret-wars-of-americas-commandos-in-vietnam-plaster,book,John L. Plaster,SOG: Secret Wars of America's Commandos in Vietnam,,
astrobiology-a-brief-introduction-plaxco-michael-gross,book,Kevin W. Plaxco,Astrobiology: A Brief Introduction,,
the-tsars-last-armada-the-epic-journey-to-the-battle-of-tsushima-pleshakov,book,Constantine Pleshakov,The Tsar's Last Armada: The Epic Journey to the Battle of Tsushima,,
im-no-hero-a-pow-story-as-told-to-glen-dewerff-plumb-glen-dewerff,book,Charlie Plumb,I'm No Hero: A Pow Story As Told to Glen DeWerff,,
gateway-pohl,book,Frederik Pohl,Gateway,,
low-town-polansky,book,Daniel Polansky,Low Town,,
tomorrow-the-killing-polansky,book,Daniel Polansky,"Tomorrow, the Killing",,
the-great-transformation-the-political-and-economic-origins-of-our-time-polanyi,book,Karl Polanyi,The Great Transformation: The Political and Economic Origins of Our Time,,
the-poliquin-principles-successful-methods-for-strength-and-mass-development-poliquin,book,Charles Poliquin,The Poliquin Principles: Successful Methods for Strength and Mass Development,,
catastrophe-risk-and-response-posner,book,Richard A. Posner,Catastrophe: Risk and Response,,
the-chosen-potok,book,Chaim Potok,The Chosen,,
on-stranger-tides-powers,book,Tim Powers,On Stranger Tides,,
first-cosmic-velocity-powers,book,Zach Powers,First Cosmic Velocity,,
lost-crusader-the-secret-wars-of-cia-director-william-colby-prados,book,John Prados,Lost Crusader: The Secret Wars of CIA Director William Colby,,
target-tokyo-the-story-of-the-sorge-spy-ring-prange-donald-m-goldstein,book,Gordon W. Prange,Target Tokyo: The Story of the Sorge Spy Ring,,
a-blink-of-the-screen-collected-shorter-fiction-pratchett-as-byatt,book,Terry Pratchett,A Blink of the Screen: Collected Shorter Fiction,,
carpe-jugulum-pratchett,book,Terry Pratchett,Carpe Jugulum,23,
feet-of-clay-pratchett,book,Terry Pratchett,Feet of Clay,19,
going-postal-pratchett,book,Terry Pratchett,Going Postal,33,
hogfather-pratchett,book,Terry Pratchett,Hogfather,20,
jingo-pratchett,book,Terry Pratchett,Jingo,21,
lords-and-ladies-pratchett,book,Terry Pratchett,Lords and Ladies,14,
reaper-man-pratchett,book,Terry Pratchett,Reaper Man,11,
small-gods-pratchett,book,Terry Pratchett,Small Gods,13,
the-amazing-maurice-and-his-educated-rodents-pratchett,book,Terry Pratchett,The Amazing Maurice and His Educated Rodents,28,
the-last-hero-pratchett-paul-kidby,book,Terry Pratchett,The Last Hero,27,
the-science-of-discworld-pratchett-ian-stewart,book,Terry Pratchett,The Science of Discworld,,
thief-of-time-pratchett,book,Terry Pratchett,Thief of Time,26,
gates-of-fire-pressfield,book,Steven Pressfield,Gates of Fire,,
the-war-of-art-pressfield-robert-mckee,book,Steven Pressfield,The War of Art,,
worlds-worst-warships-more-than-140-years-of-naval-disasters-preston,book,Antony Preston,World's Worst Warships: More Than 140 Years of Naval Disasters,,
the-encyclopedia-of-sea-warfare-from-the-first-ironclads-to-the-present-day-preston,book,Capt Donald MacIntyre D.S.O D.S.C. &Antony Preston,The Encyclopedia of Sea Warfare: From the First Ironclads to the Present Day,,
unmasking-autism-discovering-the-new-faces-of-neurodiversity-price,book,Devon Price,Unmasking Autism: Discovering the New Faces of Neurodiversity,,
leverage-rpg-grifters-and-masterminds-productions-cam-banks,rpg,Margaret Weis Productions,Leverage RPG: Grifters and Masterminds,,
focus-group-practice-puchta-jonathan-potter,book,Claudia Puchta,Focus Group Practice,,
design-meets-disability-pullin,book,Graham Pullin,Design Meets Disability,,
spying-on-whales-the-past-present-and-future-of-earths-most-awesome-creatures-pyenson,book,Nick Pyenson,"Spying on Whales: The Past, Present, and Future of Earth's Most Awesome Creatures",,
ernies-war-the-best-of-ernie-pyles-world-war-ii-dispatches-pyle-david-nichols,book,Ernie Pyle,Ernie's War: The Best of Ernie Pyle's World War II Dispatches,,
the-hangmans-daughter-potzsch-lee-chadeayne,book,Oliver Pötzsch,The Hangman's Daughter,,
valuable-humans-in-transit-and-other-stories-qntm-sam-hughes,book,qntm qntm,Valuable Humans in Transit and Other Stories,,
dreamland-the-true-tale-of-americas-opiate-epidemic-quinones,book,Sam Quinones,Dreamland: The True Tale of America's Opiate Epidemic,,
war-comes-to-long-an-revolutionary-conflict-in-a-vietnamese-province-race,book,Jeffrey Race,War Comes to Long An: Revolutionary Conflict in a Vietnamese Province,,
framing-adhd-children-a-critical-examination-of-the-history-discourse-and-everyday-experience-of-attention-deficithyperactivity-disorder-rafalovich,book,Adam Rafalovich,"Framing A.D.H.D. Children: A Critical Examination of the History, Discourse, and Everyday Experience of Attention Deficit/Hyperactivity Disorder",,
warlords-inc-black-markets-broken-states-and-the-rise-of-the-warlord-entrepreneur-raford,book,Noah Raford,"Warlords, Inc.: Black Markets, Broken States, and the Rise of the Warlord Entrepreneur",,
biocapital-the-constitution-of-postgenomic-life-rajan,book,Kaushik Sunder Rajan,Biocapital: The Constitution of Postgenomic Life,,
summerland-rajaniemi,book,Hannu Rajaniemi,Summerland,,
the-causal-angel-rajaniemi,book,Hannu Rajaniemi,The Causal Angel,Jean le Flambeur,3
the-fractal-prince-rajaniemi,book,Hannu Rajaniemi,The Fractal Prince,Jean le Flambeur,2
the-quantum-thief-rajaniemi,book,Hannu Rajaniemi,The Quantum Thief,Jean le Flambeur,1
to-afghanistan-and-back-a-graphic-travelogue-rall-bill-maher,book,Ted Rall,To Afghanistan and Back: A Graphic Travelogue,,
unframed-the-art-of-improvisation-for-game-masters-ralya-john-arcadian,rpg,Martin Ralya,Unframed: The Art of Improvisation For Game Masters,,
smokejumper-a-memoir-by-one-of-americas-most-select-airborne-firefighters-ramos,book,Jason A. Ramos,Smokejumper: A Memoir by One of America's Most Select Airborne Firefighters,,
beam-saber-ramsay,rpg,Avalyn Ramsay,Beam Saber,,
python-machine-learning-raschka-vahid-mirjalili,book,Sebastian Raschka,Python Machine Learning,,
palace-cobra-a-fighter-pilot-in-the-vietnam-air-war-rasimus,book,Ed Rasimus,Palace Cobra: A Fighter Pilot in the Vietnam Air War,,
when-thunder-rolled-an-f-105-pilot-over-north-vietnam-rasimus,book,Ed Rasimus,When Thunder Rolled: An F-105 Pilot over North Vietnam,,
on-speed-from-benzedrine-to-adderall-rasmussen,book,Nicolas Rasmussen,On Speed: From Benzedrine to Adderall,,
strengths-finder-20-rath,book,Tom Rath,Strengths Finder 2.0,,
every-spy-a-prince-the-complete-history-of-israels-intelligence-community-raviv-yossi-melman,book,Dan Raviv,Every Spy a Prince: The Complete History of Israel's Intelligence Community,,
red-november-inside-the-secret-us-soviet-submarine-war-reed,book,W. Craig Reed,Red November: Inside the Secret U.S.-Soviet Submarine War,,
of-boys-and-men-why-the-modern-male-is-struggling-why-it-matters-and-what-to-do-about-it-reeves,book,Richard V. Reeves,"Of Boys and Men: Why the Modern Male Is Struggling, Why It Matters, and What to Do About It",,
where-the-money-is-true-tales-from-the-bank-robbery-capital-of-the-world-rehder-gordon-dillow,book,William J. Rehder,Where the Money Is: True Tales from the Bank Robbery Capital of the World,,
the-chip-how-two-americans-invented-the-microchip-and-launched-a-revolution-reid,book,T.R. Reid,The Chip : How Two Americans Invented the Microchip and Launched a Revolution,,
cadillac-desert-the-american-west-and-its-disappearing-water-reisner,book,Marc Reisner,Cadillac Desert: The American West and Its Disappearing Water,,
the-black-count-glory-revolution-betrayal-and-the-real-count-of-monte-cristo-reiss,book,Tom Reiss,"The Black Count: Glory, Revolution, Betrayal, and the Real Count of Monte Cristo",,
all-quiet-on-the-western-front-remarque-arthur-wesley-wheen,book,Erich Maria Remarque,All Quiet on the Western Front,,
lenins-tomb-the-last-days-of-the-soviet-empire-remnick,book,David Remnick,Lenin's Tomb: The Last Days of the Soviet Empire,,
first-person-peculiar-resnick,book,Mike Resnick,First Person Peculiar,,
absolution-gap-reynolds,book,Alastair Reynolds,Absolution Gap,Revelation Space,3
century-rain-reynolds,book,Alastair Reynolds,Century Rain,,
chasm-city-reynolds,book,Alastair Reynolds,Chasm City,Revelation Space,1.5
pushing-ice-reynolds,book,Alastair Reynolds,Pushing Ice,,
redemption-ark-reynolds-chris-moore,book,Alastair Reynolds,Redemption Ark,Revelation Space,2
revelation-space-reynolds,book,Alastair Reynolds,Revelation Space,Revelation Space,1
terminal-world-reynolds,book,Alastair Reynolds,Terminal World,,
the-prefect-reynolds,book,Alastair Reynolds,The Prefect,Prefect Dreyfus,1
dark-sun-the-making-of-the-hydrogen-bomb-rhodes,book,Richard Rhodes,Dark Sun: The Making of the Hydrogen Bomb,,
the-making-of-the-atomic-bomb-25th-anniversary-edition-rhodes,book,Richard Rhodes,The Making of the Atomic Bomb: 25th Anniversary Edition,,
moms-house-dads-house-making-two-homes-for-your-child-ricci,book,Isolina Ricci,"Mom's House, Dad's House: Making Two Homes for Your Child",,
the-missing-readme-a-guide-for-the-new-software-engineer-riccomini-dmitriy-ryaboy,book,Chris Riccomini,The Missing README: A Guide for the New Software Engineer,,
skunk-works-a-personal-memoir-of-my-years-at-lockheed-rich-leo-janos,book,Ben R. Rich,Skunk Works: A Personal Memoir of My Years at Lockheed,,
certain-to-win-the-strategy-of-john-boyd-applied-to-business-richards,book,Chet Richards,"Certain to Win: The Strategy of John Boyd, Applied to Business",,
inspired-understanding-creativity-a-journey-through-art-science-and-the-soul-richtel,book,Matt Richtel,"Inspired : Understanding Creativity: A Journey Through Art, Science, and the Soul",,
fiasco-the-american-military-adventure-in-iraq-ricks,book,Thomas E. Ricks,Fiasco: The American Military Adventure in Iraq,,
making-the-corps-ricks,book,Thomas E. Ricks,Making the Corps,,
the-gamble-general-david-petraeus-and-the-american-military-adventure-in-iraq-2006-2008-ricks,book,Thomas E. Ricks,"The Gamble: General David Petraeus and the American Military Adventure in Iraq, 2006-2008",,
the-generals-american-military-command-from-world-war-ii-to-today-ricks,book,Thomas E. Ricks,The Generals: American Military Command from World War II to Today,,
citadel-ringo,book,John Ringo,Citadel,,
live-free-or-die-ringo,book,John Ringo,Live Free or Die,,
killing-without-heart-limits-on-robotic-warfare-in-an-age-of-persistent-conflict-riza,book,M. Shane Riza,Killing Without Heart: Limits on Robotic Warfare in an Age of Persistent Conflict,,
noli-me-tangere-touch-me-not-rizal-charles-derbyshire,book,José Rizal,Noli Me Tangere (Touch Me Not),,
trail-of-lightning-roanhorse,book,Rebecca Roanhorse,Trail of Lightning,,
microscope-a-fractal-roleplaying-game-of-epic-histories-robbins,rpg,Ben Robbins,Microscope: A Fractal Roleplaying Game of Epic Histories,,
the-ravens-the-men-who-flew-in-americas-secret-war-in-laos-robbins,book,Christopher Robbins,The Ravens: The Men Who Flew In America's Secret War In Laos,,
stealing-for-the-sky-roberts,book,Adam Roberts,Stealing for the Sky,,
napoleon-a-life-roberts,book,Andrew Roberts,Napoleon: A Life,,
walker-rn-the-greatest-u-boat-hunter-of-the-battle-of-the-atlantic-submarine-warfare-in-world-war-two-robertson,book,Terence Robertson,"Walker, R.N.: The Greatest U-Boat Hunter of the Battle of the Atlantic (Submarine Warfare in World War Two)",,
a-stitch-in-time-robinson,audiobook,Andrew Jordt Robinson,A Stitch in Time,,
2312-robinson,book,Kim Stanley Robinson,2312,,
antarctica-robinson,book,Kim Stanley Robinson,Antarctica,,
aurora-robinson,book,Kim Stanley Robinson,Aurora,,
blue-mars-robinson,book,Kim Stanley Robinson,Blue Mars,Red Mars,3
green-mars-robinson,book,Kim Stanley Robinson,Green Mars,Red Mars,2
new-york-2140-robinson,book,Kim Stanley Robinson,New York 2140,,
red-mars-robinson,book,Kim Stanley Robinson,Red Mars,Red Mars,1
the-best-of-kim-stanley-robinson-robinson-jonathan-strahan,book,Kim Stanley Robinson,The Best of Kim Stanley Robinson,,
flying-blind-the-737-max-tragedy-and-the-fall-of-boeing-robison,book,Peter Robison,Flying Blind: The 737 MAX Tragedy and the Fall of Boeing,,
a-war-of-their-own-bombers-over-the-southwest-pacific-rodman,book,Matthew K. Rodman,A War of Their Own: Bombers Over the Southwest Pacific,,
diffusion-of-innovations-rogers,book,Everett M. Rogers,Diffusion of Innovations,,
gone-tomorrow-the-hidden-life-of-garbage-rogers,book,Heather Rogers,Gone Tomorrow: The Hidden Life of Garbage,,
printers-error-irreverent-stories-from-book-history-romney-jp-romney,book,Rebecca Romney,Printer's Error: Irreverent Stories from Book History,,
lost-at-sea-the-jon-ronson-mysteries-ronson,book,Jon Ronson,Lost At Sea: The Jon Ronson Mysteries,,
the-men-who-stare-at-goats-ronson,book,Jon Ronson,The Men Who Stare at Goats,,
them-adventures-with-extremists-ronson,book,Jon Ronson,Them: Adventures with Extremists,,
governing-the-soul-the-shaping-of-the-private-self-rose,book,Nikolas Rose,Governing the Soul: The Shaping of the Private Self,,
framing-disease-studies-in-cultural-history-health-and-medicine-in-american-society-rosenberg-janet-golden,book,Charles E. Rosenberg,Framing Disease: Studies in Cultural History (Health and Medicine in American Society),,
hitler-in-los-angeles-how-jews-foiled-nazi-plots-against-hollywood-and-america-ross,book,Steven J. Ross,Hitler in Los Angeles: How Jews Foiled Nazi Plots Against Hollywood and America,,
the-chosen-ones-test-pilots-in-action-rossiter,book,Sean Rossiter,The Chosen Ones: Test Pilots in Action,,
the-art-craft-of-college-teaching-a-guide-for-new-professors-and-graduate-students-rotenberg,book,Robert Rotenberg,The Art & Craft of College Teaching: A Guide for New Professors and Graduate Students,,
the-name-of-the-wind-rothfuss,book,Patrick Rothfuss,The Name of the Wind,The Kingkiller Chronicles,1
the-wise-mans-fear-rothfuss,book,Patrick Rothfuss,The Wise Man's Fear,The Kingkiller Chronicles,2
us-macv-sog-reconnaissance-team-in-vietnam-warrior-159-rottman-brian-delf,book,Gordon L. Rottman,"US MACV-SOG Reconnaissance Team in Vietnam (Warrior, 159)",,
harry-potter-and-the-goblet-of-fire-rowling-mary-grandpre,book,J.K. Rowling,Harry Potter and the Goblet of Fire,Harry Potter,4
harry-potter-and-the-sorcerers-stone-rowling,book,J.K. Rowling,Harry Potter and the Sorcerer's Stone,Harry Potter,1
orde-wingate-a-man-of-genius-19031944-royle-andrew-roberts,book,Trevor Royle,"Orde Wingate: A Man of Genius, 1903–1944",,
how-to-lead-wisdom-from-the-worlds-greatest-ceos-founders-and-game-changers-rubenstein,book,David M. Rubenstein,"How to Lead: Wisdom from the World's Greatest CEOs, Founders, and Game Changers",,
lovecraft-country-ruff,book,Matt Ruff,Lovecraft Country,,
sewer-gas-and-electric-the-public-works-trilogy-ruff,book,Matt Ruff,"Sewer, Gas and Electric: The Public Works Trilogy",,
binding-passions-tales-of-magic-marriage-and-power-at-the-end-of-the-renaissance-ruggiero,book,Guido Ruggiero,"Binding Passions: Tales of Magic, Marriage, and Power at the End of the Renaissance",,
grocery-the-buying-and-selling-of-food-in-america-ruhlman,book,Michael Ruhlman,Grocery: The Buying and Selling of Food in America,,
the-female-man-russ,book,Joanna Russ,The Female Man,,
the-best-of-eric-frank-russell-russell-alan-dean-foster,book,Eric Frank Russell,The Best of Eric Frank Russell,,
children-of-god-russell,book,Mary Doria Russell,Children of God,,
the-sparrow-russell,book,Mary Doria Russell,The Sparrow,,
neon-city-overdrive-russell,rpg,Nathan Russell,Neon City Overdrive,,
is-war-necessary-for-economic-growth-military-procurement-and-technology-development-ruttan,book,Vernon W. Ruttan,Is War Necessary for Economic Growth?: Military Procurement and Technology Development,,
one-good-turn-a-natural-history-of-the-screwdriver-and-the-screw-rybczynski,book,Witold Rybczynski,One Good Turn: A Natural History of the Screwdriver and the Screw,,
gubat-banwa-saavedra,rpg,Joaquin Kyle Saavedra,Gubat Banwa,,
an-anthropologist-on-mars-seven-paradoxical-tales-sacks,book,Oliver Sacks,An Anthropologist on Mars: Seven Paradoxical Tales,,
the-john-boyd-roundtable-debating-science-strategy-and-war-safranski,book,Mark Safranski,"The John Boyd Roundtable: Debating Science, Strategy, and War",,
samurai-the-unforgettable-saga-of-japans-greatest-fighter-pilot-sakai-fred-saito,book,Saburō Sakai,Samurai: The Unforgettable Saga of Japan's Greatest Fighter Pilot,,
young-world-rising-how-youth-technology-and-entrepreneurship-are-changing-the-world-from-the-bottom-up-salkowitz,book,Rob Salkowitz,Young World Rising: How Youth Technology and Entrepreneurship are Changing the World from the Bottom Up,,
the-invention-of-the-jewish-people-sand-yael-lotan,book,Shlomo Sand,The Invention of the Jewish People,,
always-a-warrior-the-memoir-of-a-six-war-soldier-sasser,book,Charles W. Sasser,Always A Warrior:  The Memoir Of A Six-War Soldier,,
the-cultural-cold-war-the-cia-and-the-world-of-arts-and-letters-saunders,book,Frances Stonor Saunders,The Cultural Cold War: The CIA and the World of Arts and Letters,,
the-devils-broker-seeking-gold-god-and-glory-in-fourteenth-century-italy-saunders,book,Frances Stonor Saunders,"The Devil's Broker: Seeking Gold, God, and Glory in Fourteenth- Century Italy",,
the-brief-and-frightening-reign-of-phil-saunders,book,George Saunders,The Brief and Frightening Reign of Phil,,
a-mist-of-grit-and-splinters-saunders,book,Graydon Saunders,A Mist of Grit and Splinters,The Commonweal,5
a-succession-of-bad-days-saunders,book,Graydon Saunders,A Succession of Bad Days,The Commonweal,2
safely-you-deliver-saunders,book,Graydon Saunders,Safely You Deliver,The Commonweal,3
the-march-north-saunders,book,Graydon Saunders,The March North,The Commonweal,1
under-one-banner-saunders,book,Graydon Saunders,Under One Banner,The Commonweal,4
hominids-sawyer,book,Robert J. Sawyer,Hominids,,
agent-to-the-stars-scalzi,book,John Scalzi,Agent to the Stars,,
old-mans-war-scalzi,book,John Scalzi,Old Man's War,,
redshirts-scalzi,book,John Scalzi,Redshirts,,
the-collapsing-empire-scalzi,book,John Scalzi,The Collapsing Empire,,
zoes-tale-scalzi,book,John Scalzi,Zoe's Tale,,
the-healers-war-scarborough,book,Elizabeth Ann Scarborough,The Healer's War,,
the-face-of-britain-the-nation-through-its-portraits-schama,book,Simon Schama,The Face of Britain: The Nation Through its Portraits,,
the-story-of-the-jews-volume-two-belonging-1492-1900-schama,book,Simon Schama,The Story of the Jews Volume Two: Belonging: 1492-1900,,
the-story-of-the-jews-finding-the-words-1000-bce-1492-ce-schama,book,Simon Schama,"The Story of the Jews: Finding the Words, 1000 BCE – 1492 CE",,
the-stuff-of-soldiers-a-history-of-the-red-army-in-world-war-ii-through-objects-schechter,book,Brandon M. Schechter,The Stuff of Soldiers: A History of the Red Army in World War II Through Objects,,
the-art-of-game-design-a-book-of-lenses-schell,book,Jesse Schell,The Art of Game Design: A Book of Lenses,,
command-and-control-nuclear-weapons-the-damascus-accident-and-the-illusion-of-safety-schlosser,book,Eric Schlosser,"Command and Control: Nuclear Weapons, the Damascus Accident, and the Illusion of Safety",,
liars-and-outliers-enabling-the-trust-that-society-needs-to-thrive-schneier,book,Bruce Schneier,Liars and Outliers: Enabling the Trust that Society Needs to Thrive,,
the-elephants-graveyard-schoen,book,Lawrence M. Schoen,The Elephants' Graveyard,,
blue-power-schrader,book,Stuart Schrader,Blue Power: How Police Organized to Protect and Serve Themselves,,
blood-sweat-and-pixels-schreier,book,Jason Schreier,"Blood, Sweat, and Pixels",,
those-who-hold-bastogne-the-true-story-of-the-soldiers-and-civilians-who-fought-in-the-biggest-battle-of-the-bulge-schrijvers,book,Peter Schrijvers,Those Who Hold Bastogne: The True Story of the Soldiers and Civilians Who Fought in the Biggest Battle of the Bulge,,
permanence-schroeder,book,Karl Schroeder,Permanence,,
sun-of-suns-schroeder,book,Karl Schroeder,Sun of Suns,,
dear-committee-members-schumacher,book,Julie Schumacher,Dear Committee Members,,
black-empire-new-england-library-of-black-literature-schuyler-john-a-williams,book,George S. Schuyler,Black Empire (New England Library Of Black Literature),,
shadow-of-the-demon-lord-sdl1000-schwalb,rpg,Robert J. Schwalb,Shadow of the Demon Lord (SDL1000),,
the-art-of-the-long-view-planning-for-the-future-in-an-uncertain-world-schwartz,book,Peter Schwartz,The Art Of The Long View:  Planning For The Future In An Uncertain World,,
adhd-nation-children-doctors-big-pharma-and-the-making-of-an-american-epidemic-schwarz,book,Alan Schwarz,"ADHD Nation: Children, Doctors, Big Pharma, and the Making of an American Epidemic",,
from-good-will-to-civil-rights-transforming-federal-disability-policy-scotch,book,Richard K. Scotch,From Good Will to Civil Rights: Transforming Federal Disability Policy,,
seeing-like-a-state-how-certain-schemes-to-improve-the-human-condition-have-failed-scott,book,James C. Scott,Seeing Like a State: How Certain Schemes to Improve the Human Condition Have Failed,,
the-art-of-not-being-governed-an-anarchist-history-of-upland-southeast-asia-yale-agrarian-studies-series-scott,book,James C. Scott,The Art of Not Being Governed: An Anarchist History of Upland Southeast Asia (Yale Agrarian Studies Series),,
weapons-of-the-weak-everyday-forms-of-peasant-resistance-scott,book,James C. Scott,Weapons of the Weak: Everyday Forms of Peasant Resistance,,
black-snow-curtis-lemay-the-firebombing-of-tokyo-and-the-road-to-the-atomic-bomb-scott,book,James M. Scott,"Black Snow: Curtis LeMay, the Firebombing of Tokyo, and the Road to the Atomic Bomb",,
trouble-and-her-friends-scott,book,Melissa Scott,Trouble and Her Friends,,
code-name-scott-payne,audiobook,Payne Scott,Code Name: Pale Horse—How I Went Undercover to Expose America's Nazis,,
computing-taste-algorithms-and-the-makers-of-music-recommendation-seaver,book,Nick Seaver,Computing Taste: Algorithms and the Makers of Music Recommendation,,
who-gets-in-and-why-a-year-inside-college-admissions-selingo,book,Jeffrey J. Selingo,Who Gets In and Why: A Year Inside College Admissions,,
john-carter-and-the-gods-of-hollywood-sellers,book,Michael D. Sellers,John Carter and the Gods of Hollywood,,
summer-of-love-the-inside-story-of-lsd-rock-roll-free-love-and-high-times-in-the-wild-selvin,book,Joel Selvin,"Summer of Love: The Inside Story of LSD, Rock & Roll, Free Love and High Times in the Wild",,
the-disaster-artist-my-life-inside-the-room-the-greatest-bad-movie-ever-made-sestero-tom-bissell,book,Greg Sestero,"The Disaster Artist: My Life Inside The Room, the Greatest Bad Movie Ever Made",,
disaster-nationalism-the-downfall-of-liberal-civilization-seymour,book,Richard Seymour,Disaster Nationalism: The Downfall of Liberal Civilization,,
yours-to-reason-why-decision-in-battle-seymour,book,William Seymour,Yours To Reason Why: Decision In Battle,,
absolute-zero-and-the-conquest-of-cold-and-the-conquest-of-cold-an-acclaimed-history-of-temperature-science-that-revolutionized-civilization-shachtman,book,Tom Shachtman,Absolute Zero And The Conquest Of Cold: And the Conquest of Cold – An Acclaimed History of Temperature Science that Revolutionized Civilization,,
hope-never-dies-shaffer,book,Andrew Shaffer,Hope Never Dies,,
trail-of-feathers-in-search-of-the-birdmen-of-peru-shah,book,Tahir Shah,Trail of Feathers: In Search of the Birdmen of Peru,,
leviathan-and-the-air-pump-hobbes-boyle-and-the-experimental-life-shapin-simon-schaffer,book,Steven Shapin,"Leviathan and the Air-Pump: Hobbes, Boyle, and the Experimental Life",,
the-scientific-life-a-moral-history-of-a-late-modern-vocation-shapin,book,Steven Shapin,The Scientific Life: A Moral History of a Late Modern Vocation,,
no-pity-people-with-disabilities-forging-a-new-civil-rights-movement-shapiro,book,Joseph P. Shapiro,No Pity: People with Disabilities Forging a New Civil Rights Movement,,
carrying-coca-1500-years-of-andean-chuspas-bard-graduate-center-sharratt-bard-graduate-center,book,Nicola Sharratt,"Carrying Coca: 1,500 Years of Andean Chuspas (Bard Graduate Center)",,
new-suns-original-speculative-fiction-by-people-of-color-shawl-silvia-moreno-garcia,book,Nisi Shawl,New Suns: Original Speculative Fiction by People of Color,,
achilles-in-vietnam-combat-trauma-and-the-undoing-of-character-shay,book,Jonathan Shay,Achilles in Vietnam: Combat Trauma and the Undoing of Character,,
a-bright-shining-lie-john-paul-vann-and-america-in-vietnam-sheehan,book,Neil Sheehan,A Bright Shining Lie: John Paul Vann and America in Vietnam,,
a-fiery-peace-in-a-cold-war-bernard-schriever-and-the-ultimate-weapon-sheehan,book,Neil Sheehan,A Fiery Peace in a Cold War: Bernard Schriever and the Ultimate Weapon,,
after-the-war-was-over-hanoi-and-saigon-sheehan,book,Neil Sheehan,After The War Was Over: Hanoi and Saigon,,
the-arnheiter-affair-sheehan,book,Neil Sheehan,The Arnheiter Affair,,
between-the-strokes-of-night-sheffield,book,Charles Sheffield,Between the Strokes of Night,,
love-your-monsters-postenvironmentalism-and-the-anthropocene-shellenberger-ted-nordhaus,book,Michael Shellenberger,Love Your Monsters: Postenvironmentalism and the Anthropocene,,
frankenstein-shelley,book,Mary Wollstonecraft Shelley,Frankenstein,,
moon-shot-the-inside-story-of-americas-race-to-the-moon-shepard-deke-slayton,book,Alan Shepard,Moon Shot: The Inside Story of America's Race to the Moon,,
the-best-of-lucius-shepard-shepard,book,Lucius Shepard,The Best of Lucius Shepard,,
fast-movers-jet-pilots-and-the-vietnam-experience-sherwood,book,John Darrell Sherwood,Fast Movers: Jet Pilots and the Vietnam Experience,,
raining-sideways-shields,book,Andrew Shields,Raining Sideways,,
know-thine-enemy-a-spys-journey-into-revolutionary-iran-shirley,book,Edward Shirley,Know Thine Enemy: A Spy's Journey into Revolutionary Iran,,
hot-singles-in-your-area-shiveley,book,Jordan Shiveley,Hot Singles in Your Area,,
the-russian-debutantes-handbook-shteyngart,book,Gary Shteyngart,The Russian Debutante's Handbook,,
the-untouchables-mission-accomplished-twentieth-anniversary-commemorative-signed-edition-shul-walter-watson,book,Brian, Watson Jr. Shul,The Untouchables - Mission Accomplished - Twentieth Anniversary Commemorative Signed Edition,
scythe-shusterman,book,Neal Shusterman,Scythe,,
thunderhead-shusterman,book,Neal Shusterman,Thunderhead,,
the-wide-wide-sea-sides-noble,audiobook,Hampton Sides,"The Wide Wide Sea: Imperial Ambition, First Contact and the Fateful Final Voyage of Captain James Cook",,
quest-for-the-dutchmans-gold-the-100-year-mystery-the-facts-myths-and-legends-of-the-lost-dutchman-mine-and-the-superstition-mountains-sikorsky,book,Robert Sikorsky,"Quest for the Dutchman's Gold: The 100-Year Mystery : The Facts, Myths and Legends of the Lost Dutchman Mine and the Superstition Mountains",,
strange-and-secret-peoples-fairies-and-victorian-consciousness-silver,book,Carole G. Silver,Strange and Secret Peoples: Fairies and Victorian Consciousness,,
science-fiction-101-exploring-the-craft-of-science-fiction-silverberg,book,Robert Silverberg,Science Fiction: 101: Exploring the Craft of Science Fiction,,
scientists-and-scoundrels-a-book-of-hoaxes-extraordinary-world-silverberg,book,Robert Silverberg,Scientists and Scoundrels: A Book of Hoaxes (Extraordinary World),,
shadrach-in-the-furnace-silverberg,book,Robert Silverberg,Shadrach in the Furnace,,
the-book-of-skulls-silverberg,book,Robert Silverberg,The Book of Skulls,,
the-new-atlantis-and-other-novellas-of-science-fiction-silverberg-ursula-k-le-guin,book,Robert Silverberg,The New Atlantis and Other Novellas of Science Fiction,,
the-science-fiction-hall-of-fame-volume-one-1929-1964-silverberg-ae-van-vogt,book,Robert Silverberg,"The Science Fiction Hall of Fame, Volume One, 1929-1964",,
understanding-autism-parents-doctors-and-the-history-of-a-disorder-silverman,book,Chloe Silverman,"Understanding Autism: Parents, Doctors, and the History of a Disorder",,
how-to-write-a-lot-a-practical-guide-to-productive-academic-writing-silvia,book,Paul J. Silvia,How to Write a Lot: A Practical Guide to Productive Academic Writing,,
way-station-simak,book,Clifford D. Simak,Way Station,,
the-arts-of-larp-design-literacy-learning-and-community-in-live-action-role-play-simkins,rpg,David Simkins,"The Arts of LARP: Design, Literacy, Learning and Community in Live-Action Role Play",,
hyperion-simmons,book,Dan Simmons,Hyperion,,
dog-company-six-simmons,book,Edwin H. Simmons,Dog Company Six,,
homicide-a-year-on-the-killing-streets-simon,book,David Simon,Homicide: A Year on the Killing Streets,,
the-corner-a-year-in-the-life-of-an-inner-city-neighborhood-simon-edward-burns,book,David Simon,The Corner: A Year in the Life of an Inner-City Neighborhood,,
flame-and-fortune-in-the-american-west-urban-development-environmental-change-and-the-great-oakland-hills-fire-simon,book,Gregory L. Simon,"Flame and Fortune in the American West: Urban Development, Environmental Change, and the Great Oakland Hills Fire",,
the-surrender-experiment-singer-singer,audiobook,Michael A. Singer,The Surrender Experiment: My Journey Into Life's Perfection,,
the-untethered-soul-the-journey-beyond-yourself-singer,book,Michael A. Singer,The Untethered Soul: The Journey Beyond Yourself,,
ghost-fleet-a-novel-of-the-next-world-war-singer-august-cole,book,P.W. Singer,Ghost Fleet: A Novel of the Next World War,,
likewar-the-weaponization-of-social-media-singer-emerson-t-brooking,book,P.W. Singer,LikeWar: The Weaponization of Social Media,,
demystifying-dissertation-writing-a-streamlined-process-from-choice-of-topic-to-final-text-single,book,Peg Boyle Single,Demystifying Dissertation Writing: A Streamlined Process from Choice of Topic to Final Text,,
the-algorithm-design-manual-skiena,book,Steven S. Skiena,The Algorithm Design Manual,,
steel-frame-skinner,book,Andrew Skinner,Steel Frame,,
the-story-of-aint-america-its-language-and-the-most-controversial-dictionary-ever-published-skinner,book,David Skinner,"The Story of Ain't: America, Its Language, and the Most Controversial Dictionary Ever Published",,
protecting-soldiers-and-mothers-the-political-origins-of-social-policy-in-the-united-states-skocpol,book,Skocpol Skocpol,Protecting Soldiers and Mothers: The Political Origins of Social Policy in the United States,,
defeat-into-victory-battling-japan-in-burma-and-india-1942-1945-slim-david-w-hogan-jr,book,William Slim,"Defeat Into Victory: Battling Japan in Burma and India, 1942-1945",,
our-babies-ourselves-how-biology-and-culture-shape-the-way-we-parent-small,book,Meredith Small,"Our Babies, Ourselves: How Biology and Culture Shape the Way We Parent",,
autopilot-the-art-science-of-doing-nothing-smart,book,Andrew Smart,Autopilot: The Art & Science of Doing Nothing,,
writing-public-policy-a-practical-guide-to-communicating-in-the-policy-making-process-smith,book,Catherine F. Smith,Writing Public Policy: A Practical Guide to Communicating in the Policy-Making Process,,
norstrilia-smith,book,Cordwainer Smith,Norstrilia,,
the-best-of-cordwainer-smith-smith-jj-pierce,book,Cordwainer Smith,The Best of Cordwainer Smith,,
not-by-the-book-a-combat-intelligence-officer-in-vietnam-smith,book,Eric McAllister Smith,Not By The Book: A Combat Intelligence Officer In Vietnam,,
trace-smith,book,Ian M. Smith,Trace,,
the-emperors-codes-the-breaking-of-japans-secret-ciphers-smith,book,Michael Smith,The Emperor's Codes: The Breaking of Japan's Secret Ciphers,,
hell-divers-smith,book,Nicholas Sansbury Smith,Hell Divers,,
the-theory-and-practice-of-innovation-policy-an-international-research-handbook-prime-series-on-research-and-innovation-policy-in-europe-smits-stefan-kuhlmann,book,Ruud E. Smits,The Theory and Practice of Innovation Policy: An International Research Handbook (PRIME Series on Research and Innovation Policy in Europe),,
longitude-the-true-story-of-a-lone-genius-who-solved-the-greatest-scientific-problem-of-his-time-sobel-neil-armstrong,book,Dava Sobel,Longitude: The True Story of a Lone Genius Who Solved the Greatest Scientific Problem of His Time,,
the-electric-church-somers,book,Jeff Somers,The Electric Church,,
great-cons-con-artists-the-incredible-stories-of-the-masters-of-deceit-sommer,book,Robin Langley Sommer,Great Cons & Con Artists: The Incredible Stories of the Masters of Deceit,,
a-mind-at-play-how-claude-shannon-invented-the-information-age-soni-rob-goodman,book,Jimmy Soni,A Mind at Play: How Claude Shannon Invented the Information Age,,
finding-god-selected-responses-sonsino,book,Rifat Sonsino,Finding God: Selected Responses,,
blind-mans-bluff-the-untold-story-of-american-submarine-espionage-sontag-christopher-drew,book,Sherry Sontag,Blind Man's Bluff: The Untold Story of American Submarine Espionage,,
westmoreland-the-general-who-lost-vietnam-sorley,book,Lewis Sorley,Westmoreland: The General Who Lost Vietnam,,
a-fatal-thing-happened-on-the-way-to-the-forum-murder-in-ancient-rome-southon,book,Emma Southon,A Fatal Thing Happened on the Way to the Forum: Murder in Ancient Rome,,
welcome-to-vietnam-macho-man-refelections-of-a-khe-sanh-vet-spencer,book,Ernest Spencer,"Welcome to Vietnam, Macho Man: Refelections of a Khe Sanh Vet",,
the-coaching-habit-say-less-ask-more-change-the-way-you-lead-forever-stanier,book,Michael Bungay Stanier,"The Coaching Habit: Say Less, Ask More & Change the Way You Lead Forever",,
star-maker-stapledon,book,Olaf Stapledon,Star Maker,,
the-shining-path-love-madness-and-revolution-in-the-andes-starn-miguel-la-serna,book,Orin Starn,"The Shining Path: Love, Madness, and Revolution in the Andes",,
the-social-transformation-of-american-medicine-the-rise-of-a-sovereign-profession-and-the-making-of-a-vast-industry-starr,book,Paul Starr,The Social Transformation of American Medicine: The Rise of a Sovereign Profession and the Making of a Vast Industry,,
sailing-true-north-ten-admirals-and-the-voyage-of-character-stavridis,book,James G. Stavridis,Sailing True North: Ten Admirals and the Voyage of Character,,
armor-steakley,book,John Steakley,Armor,,
dancing-in-the-glory-of-monsters-the-collapse-of-the-congo-and-the-great-war-of-africa-stearns,book,Jason K. Stearns,Dancing in the Glory of Monsters: The Collapse of the Congo and the Great War of Africa,,
the-last-full-measure-how-soldiers-die-in-battle-stephenson,book,Michael Stephenson,The Last Full Measure: How Soldiers Die in Battle,,
reamde-stephenson,book,Neal Stephenson,Reamde,,
seveneves-stephenson,book,Neal Stephenson,Seveneves,,
snow-crash-stephenson,book,Neal Stephenson,Snow Crash,,
the-diamond-age-or-a-young-ladys-illustrated-primer-stephenson,book,Neal Stephenson,"The Diamond Age: Or, a Young Lady's Illustrated Primer",,
the-mongoliad-book-one-stephenson-greg-bear,book,Neal Stephenson,The Mongoliad: Book One,,
a-good-old-fashioned-future-sterling,book,Bruce Sterling,A Good Old-Fashioned Future,,
distraction-sterling,book,Bruce Sterling,Distraction,,
gothic-high-tech-sterling,book,Bruce Sterling,Gothic High-Tech,,
heavy-weather-sterling,book,Bruce Sterling,Heavy Weather,,
holy-fire-sterling,book,Bruce Sterling,Holy Fire,,
involution-ocean-sterling,book,Bruce Sterling,Involution Ocean,,
love-is-strange-sterling,book,Bruce Sterling,Love is Strange,,
pirate-utopia-sterling-john-coulthart,book,Bruce Sterling,Pirate Utopia,,
robot-artists-and-black-swans-the-italian-fantascienza-stories-sterling-dario-tonani,book,Bruce Sterling,Robot Artists and Black Swans : The Italian Fantascienza Stories,,
schismatrix-plus-sterling,book,Bruce Sterling,Schismatrix Plus,,
the-artificial-kid-sterling-william-gibson,book,Bruce Sterling,The Artificial Kid,,
tomorrow-now-envisioning-the-next-fifty-years-sterling,book,Bruce Sterling,Tomorrow Now: Envisioning the Next Fifty Years,,
twelve-tomorrows-2014-sterling,book,Bruce Sterling,Twelve Tomorrows 2014,,
twelve-tomorrows-2016-sterling-nick-harkaway,book,Bruce Sterling,Twelve Tomorrows 2016,,
concentration-staying-focused-in-times-of-distraction-stigchel,book,Stefan van der Stigchel,Concentration: Staying Focused in Times of Distraction,,
serenade-to-the-big-bird-stiles,book,Bert Stiles,Serenade to the Big Bird,,
dracula-stoker-ruben-toledo,book,Bram Stoker,Dracula,,
divorce-without-court-a-guide-to-mediation-and-collaborative-divorce-stoner,book,Katherine E. Stoner,Divorce Without Court: A Guide to Mediation and Collaborative Divorce,,
fer-de-lance-stout,book,Rex Stout,Fer-de-Lance,,
murder-by-the-book-stout,book,Rex Stout,Murder by the Book,,
edge-of-infinity-strahan-pat-cadigan,book,Jonathan Strahan,Edge of Infinity,,
mission-critical-strahan-john-barnes,book,Jonathan Strahan,Mission Critical,,
the-artist-the-philosopher-and-the-warrior-the-intersecting-lives-of-da-vinci-machiavelli-and-borgia-and-the-world-they-shaped-strathern,book,Paul Strathern,"The Artist, the Philosopher, and the Warrior: The Intersecting Lives of Da Vinci, Machiavelli, and Borgia and the World They Shaped",,
the-dawnhounds-stronach,book,Sascha Stronach,The Dawnhounds,,
equoid-laundry-files-29-stross,book,Charles Stross,"Equoid (Laundry Files, #2.9)",Laundry Files,2.9
escape-from-yokai-land-laundry-files-65-stross,book,Charles Stross,"Escape from Yokai Land (Laundry Files, #6.5)",Laundry Files,6.5
neptunes-brood-stross,book,Charles Stross,Neptune's Brood,,
rule-34-stross,book,Charles Stross,Rule 34,,
singularity-sky-stross,book,Charles Stross,Singularity Sky,,
the-annihilation-score-stross,book,Charles Stross,The Annihilation Score,Laundry Files,6
the-apocalypse-codex-stross,book,Charles Stross,The Apocalypse Codex,Laundry Files,4
the-delirium-brief-stross,book,Charles Stross,The Delirium Brief,Laundry Files,8
the-fuller-memorandum-stross,book,Charles Stross,The Fuller Memorandum,Laundry Files,3
the-jennifer-morgue-stross,book,Charles Stross,The Jennifer Morgue,Laundry Files,2
the-labyrinth-index-stross,book,Charles Stross,The Labyrinth Index,Laundry Files,9
the-nightmare-stacks-stross,book,Charles Stross,The Nightmare Stacks,Laundry Files,7
the-rhesus-chart-stross,book,Charles Stross,The Rhesus Chart,Laundry Files,5
in-search-of-the-warrior-spirit-strozzi-heckler,book,Richard Strozzi-Heckler,In Search of the Warrior Spirit,,
fields-of-blood-book-of-war-op-studios,rpg,Eden Studios,Fields of Blood: Book of War *OP,,
methods-in-medical-ethics-sugarman,book,Jeremy Sugarman,Methods in Medical Ethics,,
into-the-dark-sutherland,book,J.A. Sutherland,Into the Dark,,
scrum-the-art-of-doing-twice-the-work-in-half-the-time-sutherland,book,Jeff Sutherland,Scrum: The Art of Doing Twice the Work in Half the Time,,
aquarium-the-career-and-defection-of-a-soviet-military-spy-suvorov,book,Viktor Suvorov,Aquarium: The Career and Defection of a Soviet Military Spy,,
spetsnaz-the-story-behind-the-soviet-sas-suvorov,book,Viktor Suvorov,Spetsnaz: The story behind the Soviet SAS,,
the-year-of-our-war-swainston,book,Steph Swainston,The Year of Our War,,
vacuum-flowers-swanwick,book,Michael Swanwick,Vacuum Flowers,,
inside-the-cuban-revolution-fidel-castro-and-the-urban-underground-sweig,book,Sweig Sweig,Inside the Cuban Revolution: Fidel Castro and the Urban Underground,,
the-myth-of-mental-illness-foundations-of-a-theory-of-personal-conduct-szasz,book,Thomas Szasz,The Myth of Mental Illness: Foundations of a Theory of Personal Conduct,,
macarthurs-jungle-war-the-1944-new-guinea-campaign-taaffe,book,Stephen R. Taaffe,MacArthur's Jungle War: The 1944 New Guinea Campaign,,
season-of-the-witch-enchantment-terror-and-deliverance-in-the-city-of-love-talbot,book,David Talbot,"Season of the Witch: Enchantment, Terror and Deliverance in the City of Love",,
a-vietcong-memoir-an-inside-account-of-the-vietnam-war-and-its-aftermath-tang-david-chanoff,book,Truong Nhu Tang,A Vietcong Memoir: An Inside Account of the Vietnam War and Its Aftermath,,
war-without-guns-tanham-w-robert-warne,book,George K. Tanham,War Without guns,,
mcnamara-at-war-taubman-taubman,book,Philip Taubman,McNamara at War: A New History,,
lancer-field-guide-to-suldan-tave,rpg,Kai Tave,Lancer: Field Guide to Suldan,,
modern-social-imaginaries-public-planet-books-taylor-dilip-parameshwargaonkar,book,Charles Margrave Taylor,Modern Social Imaginaries (Public Planet Books),,
system-design-interview-zero-to-hero-learn-how-to-pass-your-system-design-interview-following-modern-case-studies-taylor,book,Liam Taylor,System Design Interview: Zero to Hero. Learn How to Pass Your System Design Interview Following Modern Case Studies.,,
where-the-orange-blooms-one-mans-war-and-escape-in-vietnam-taylor,book,Thomas Happer Taylor,Where the Orange Blooms: One Man's War and Escape in Vietnam,,
children-of-memory-tchaikovsky,book,Adrian Tchaikovsky,Children of Memory,Children of Time,3
children-of-ruin-tchaikovsky,book,Adrian Tchaikovsky,Children of Ruin,Children of Time,2
children-of-strife-tchaikovsky,book,Adrian Tchaikovsky,Children of Strife,Children of Time,4
children-of-time-tchaikovsky,book,Adrian Tchaikovsky,Children of Time,Children of Time,1
city-of-last-chances-tchaikovsky-thorpe,audiobook,Adrian Tchaikovsky,City of Last Chances,Tyrant Philosophers,1
days-of-shattered-faith-tchaikovsky,book,Adrian Tchaikovsky,Days of Shattered Faith,Tyrant Philosophers,3
elder-race-tchaikovsky,book,Adrian Tchaikovsky,Elder Race,,
eyes-of-the-void-tchaikovsky,book,Adrian Tchaikovsky,Eyes of the Void,The Final Architecture,2
house-of-open-wounds-tchaikovsky,book,Adrian Tchaikovsky,House of Open Wounds,Tyrant Philosophers,2
lords-of-uncreation-tchaikovsky,book,Adrian Tchaikovsky,Lords of Uncreation,The Final Architecture,3
shards-of-earth-tchaikovsky,audiobook,Adrian Tchaikovsky,Shards of Earth,The Final Architecture,1
indigenous-voices-in-digital-spaces-tekobbe,book,Cindy Tekobbe,Indigenous Voices in Digital Spaces,,
superforecasting-the-art-and-science-of-prediction-tetlock-dan-gardner,book,Philip E. Tetlock,Superforecasting: The Art and Science of Prediction,,
misbehaving-thaler,book,Richard H. Thaler,Misbehaving: The Making of Behavioral Economics,,
guerrilla-thayer,book,Charles W. Thayer,Guerrilla,,
when-it-all-burns-thomas-thomas,audiobook,Jordan Thomas,When It All Burns: Fighting Fire in a Transformed World,,
rational-action-the-sciences-of-policy-in-britain-and-america-1940-1960-transformations-studies-in-the-history-of-science-and-technology-thomas,book,William Thomas,"Rational Action: The Sciences of Policy in Britain and America, 1940-1960 (Transformations: Studies in the History of Science and Technology)",,
making-parents-the-ontological-choreography-of-reproductive-technologies-inside-technology-thompson,book,Charis Thompson,Making Parents: The Ontological Choreography of Reproductive Technologies (Inside Technology),,
fear-and-loathing-on-the-campaign-trail-72-thompson,book,Hunter S. Thompson,Fear and Loathing: On the Campaign Trail '72,,
hells-angels-thompson-sylvie-durastanti,book,Hunter S. Thompson,Hell's Angels,,
crosswinds-the-air-forces-setup-in-vietnam-tilford,book,Earl H. Tilford,Crosswinds: The Air Force's Setup in Vietnam,,
coercion-capital-and-european-states-ad-990-1992-tilly,book,Charles Tilly,"Coercion, Capital, and European States, A.D. 990-1992",,
rethinking-adhd-from-brain-to-culture-timimi-jonathan-leo,book,Sami Timimi,Rethinking ADHD: From Brain to Culture,,
the-game-inventors-guidebook-tinsman,rpg,Brian Tinsman,The Game Inventor's Guidebook,,
building-better-humans-refocusing-the-debate-on-transhumanism-beyond-humanism-trans-and-posthumanism-jenseits-des-huma-tirosh-samuelson-kenneth-l-mossman,book,Hava Tirosh-Samuelson,Building Better Humans?: Refocusing the Debate on Transhumanism (Beyond Humanism: Trans- And Posthumanism / Jenseits Des Huma),,
the-rising-sun-the-decline-fall-of-the-japanese-empire-1936-45-toland,book,John Toland,"The Rising Sun: The Decline & Fall of the Japanese Empire, 1936-45",,
the-hobbit-or-there-and-back-again-tolkien-douglas-a-anderson,book,J.R.R. Tolkien,"The Hobbit, or There and Back Again",,
pacific-crucible-war-at-sea-in-the-pacific-19411942-toll,book,Ian W. Toll,"Pacific Crucible: War at Sea in the Pacific, 1941–1942",The Pacific War,1
six-frigates-the-epic-history-of-the-founding-of-the-u-s-navy-toll,book,Ian W. Toll,Six Frigates: The Epic History of the Founding of the U. S. Navy,,
the-conquering-tide-war-in-the-pacific-islands-19421944-the-pacific-war-trilogy-2-toll,book,Ian W. Toll,"The Conquering Tide: War in the Pacific Islands, 1942–1944 (The Pacific War Trilogy, 2)",The Pacific War,2
twilight-of-the-gods-war-in-the-western-pacific-1944-1945-toll,book,Ian W. Toll,"Twilight of the Gods: War in the Western Pacific, 1944-1945",The Pacific War,3
the-wages-of-destruction-the-making-and-breaking-of-the-nazi-economy-tooze,book,Adam Tooze,The Wages of Destruction: The Making and Breaking of the Nazi Economy,,
duel-of-eagles-the-classic-pilots-account-of-the-battle-of-britain-peter-townsends-air-war-collection-book-1-townsend,book,Peter Townsend,Duel of Eagles: The Classic Pilot's Account of the Battle of Britain (Peter Townsend's Air War Collection Book 1),,
vietnamerica-a-familys-journey-tran,book,G.B. Tran,Vietnamerica: A Family's Journey,,
bitter-seeds-tregillis,book,Ian Tregillis,Bitter Seeds,,
modern-warfare-a-french-view-of-counterinsurgency-psi-classics-of-the-counterinsurgency-era-trinquier-eliot-a-cohen,book,Roger Trinquier,Modern Warfare: A French View of Counterinsurgency (PSI Classics of the Counterinsurgency Era),,
father-soldier-son-memoir-of-a-platoon-leader-in-vietnam-tripp,book,Nathaniel Tripp,"Father, Soldier, Son: Memoir of a Platoon Leader In Vietnam",,
a-frozen-hell-the-russo-finnish-winter-war-of-1939-1940-trotter,book,William R. Trotter,A Frozen Hell: The Russo-Finnish Winter War of 1939-1940,,
phantom-over-vietnam-fighter-pilot-usmc-trotti,book,John Trotti,"Phantom over Vietnam: Fighter Pilot, USMC",,
too-much-and-never-enough-how-my-family-created-the-worlds-most-dangerous-man-trump,book,Mary L. Trump,Too Much and Never Enough: How My Family Created the World's Most Dangerous Man,,
a-distant-mirror-the-calamitous-14th-century-tuchman,book,Barbara W. Tuchman,A Distant Mirror: The Calamitous 14th Century,,
the-visual-display-of-quantitative-information-tufte,book,Edward R. Tufte,The Visual Display of Quantitative Information,,
rejection-tulathimutte,book,Tony Tulathimutte,Rejection,,
battle-of-surigao-strait-twentieth-century-battles-tully,book,Anthony P. Tully,Battle of Surigao Strait (Twentieth-Century Battles),,
blood-and-sand-suez-hungary-and-eisenhowers-campaign-for-peace-tunzelmann,book,Alex von Tunzelmann,"Blood and Sand: Suez, Hungary, and Eisenhower's Campaign for Peace",,
the-art-of-renaissance-warfare-from-the-fall-of-constantinople-to-the-thirty-years-war-turnbull,book,Stephen Turnbull,The Art of Renaissance Warfare: From the Fall of Constantinople to the Thirty Years War,,
the-playboy-book-of-science-fiction-turner,book,Alice K. Turner,The Playboy Book of Science Fiction,,
from-counterculture-to-cyberculture-stewart-brand-the-whole-earth-network-and-the-rise-of-digital-utopianism-turner,book,Fred Turner,"From Counterculture to Cyberculture: Stewart Brand, the Whole Earth Network, and the Rise of Digital Utopianism",,
kill-anything-that-moves-the-real-american-war-in-vietnam-american-empire-project-turse,book,Nick Turse,Kill Anything That Moves: The Real American War in Vietnam (American Empire Project),,
the-case-of-the-toxic-spell-dump-turtledove,book,Harry Turtledove,The Case of the Toxic Spell Dump,,
the-adventures-of-huckleberry-finn-twain-guy-cardwell,book,Mark Twain,The Adventures of Huckleberry Finn,,
tao-te-ching-a-new-english-version-perennial-classics-tzu-stephen-mitchell,book,Lao Tzu,Tao Te Ching: A New English Version (Perennial Classics),,
how-to-not-die-alone-the-surprising-science-that-will-help-you-find-love-ury,book,Logan Ury,How to Not Die Alone: The Surprising Science That Will Help You Find Love,,
fate-accelerated-valentine-leonard-balsera,rpg,Clark Valentine,Fate Accelerated,,
the-phoenix-program-americas-use-of-terror-in-vietnam-valentine-mark-crispin-miller,book,Douglas Valentine,The Phoenix Program: America's Use of Terror in Vietnam,,
firefly-role-playing-game-gaming-in-the-verse-valentinelli-margaret-weis,rpg,Monica Valentinelli,Firefly Role-Playing Game: Gaming in the 'Verse,,
beyond-the-stones-of-machu-picchu-folk-tales-and-stories-of-inca-life-vanbuskirk-angel-l-callanaupa-alvarez,book,Elizabeth Conrad VanBuskirk,Beyond the Stones of Machu Picchu: Folk Tales and Stories of Inca Life,,
acceptance-vandermeer,book,Jeff Vandermeer,Acceptance,Southern Reach,3
annihilation-vandermeer,book,Jeff Vandermeer,Annihilation,Southern Reach,1
authority-vandermeer,book,Jeff Vandermeer,Authority,Southern Reach,2
diagnosis-and-the-dsm-a-critical-review-palgrave-pivot-vanheule,book,Stijn Vanheule,Diagnosis and the DSM: A Critical Review (Palgrave Pivot),,
2021-on-goodreads-various,book,Various Various,2021 on Goodreads,,
disabled-rights-american-disability-policy-and-the-fight-for-equality-vaughn,book,Jacqueline Vaughn,Disabled Rights: American Disability Policy and the Fight for Equality,,
the-13th-valley-vecchio,book,John M. Del Vecchio,The 13th Valley,,
shadow-of-the-short-days-vilhjalmsson,book,Alexander Dan Vilhjálmsson,Shadows of the Short Days,,
the-storm-beneath-a-midnight-sun-vilhjalmsson,book,Alexander Dan Vilhjálmsson,The Storm Beneath a Midnight Sun,,
catspaw-vinge,book,Joan D. Vinge,Catspaw,,
the-snow-queen-vinge,book,Joan D. Vinge,The Snow Queen,,
a-deepness-in-the-sky-vinge,book,Vernor Vinge,A Deepness in the Sky,,
a-fire-upon-the-deep-vinge,book,Vernor Vinge,A Fire Upon the Deep,,
rainbows-end-vinge,book,Vernor Vinge,Rainbows End,,
the-innovation-delusion-how-our-obsession-with-the-new-has-disrupted-the-work-that-matters-most-vinsel-andrew-l-russell,book,Lee Vinsel,The Innovation Delusion: How Our Obsession with the New Has Disrupted the Work That Matters Most,,
into-the-riverlands-vo,book,Nghi Vo,Into the Riverlands,The Singing Hills Cycle,3
mammoths-at-the-gates-vo,book,Nghi Vo,Mammoths at the Gates,The Singing Hills Cycle,4
the-chosen-and-the-beautiful-vo,book,Nghi Vo,The Chosen and the Beautiful,,
the-empress-of-salt-and-fortune-vo,book,Nghi Vo,The Empress of Salt and Fortune,The Singing Hills Cycle,1
the-sea-is-ours-tales-of-steampunk-southeast-asia-vo-shing-yin-khor,book,Nghi Vo,The SEA Is Ours: Tales of Steampunk Southeast Asia,,
what-the-dead-know-vo,book,Nghi Vo,What the Dead Know,,
when-the-tiger-came-down-the-mountain-vo,book,Nghi Vo,When the Tiger Came Down the Mountain,The Singing Hills Cycle,2
the-therapeutic-revolution-essays-in-the-social-history-of-american-medicine-anniversary-collection-vogel,book,Morris J. Vogel,The Therapeutic Revolution: Essays in the Social History of American Medicine (Anniversary Collection),,
the-art-of-community-seven-principles-for-belonging-vogl,book,Charles H. Vogl,The Art of Community: Seven Principles for Belonging,,
the-writers-journey-mythic-structure-for-writers-vogler,book,Christopher Vogler,The Writer's Journey: Mythic Structure for Writers,,
never-split-the-difference-negotiating-as-if-your-life-depended-on-it-voss-tahl-raz,book,Chris Voss,Never Split the Difference: Negotiating As If Your Life Depended On It,,
drawing-blood-technology-and-disease-identity-in-twentieth-century-america-wailoo,book,Keith Wailoo,Drawing Blood: Technology and Disease Identity in Twentieth-Century America,,
rust-the-longest-war-waldman,book,Jonathan Waldman,Rust: The Longest War,,
resilience-thinking-sustaining-ecosystems-and-people-in-a-changing-world-walker-david-salt,book,Brian Walker,Resilience Thinking: Sustaining Ecosystems and People in a Changing World,,
among-others-walton,book,Jo Walton,Among Others,,
breakneck-wang,book,Dan Wang,Breakneck: China's Quest to Engineer the Future,,
foundations-of-disability-studies-wappett-k-arndt,book,Matthew Wappett,Foundations of Disability Studies,,
shooting-at-the-moon-the-story-of-americas-clandestine-war-in-laos-warner,book,Roger Warner,Shooting At The Moon: The Story of America's Clandestine War in Laos,,
prescribed-writing-filling-using-and-abusing-the-prescription-in-modern-america-watkins-jeremy-a-greene,book,Elizabeth Siegel Watkins,"Prescribed: Writing, Filling, Using, and Abusing the Prescription in Modern America",,
the-first-90-days-proven-strategies-for-getting-up-to-speed-faster-and-smarter-watkins,book,Michael D. Watkins,The First 90 Days: Proven Strategies for Getting Up to Speed Faster and Smarter,,
blindsight-watts,book,Peter Watts,Blindsight,,
the-rise-of-nuclear-fear-weart,book,Spencer R. Weart,The Rise of Nuclear Fear,,
data-a-love-story-how-i-gamed-online-dating-to-meet-my-match-webb,book,Amy Webb,"Data, A Love Story: How I Gamed Online Dating to Meet My Match",,
running-on-empty-no-more-transform-your-relationships-with-your-partner-your-parents-your-children-webb,book,Jonice Webb,"Running on Empty No More: Transform Your Relationships with Your Partner, Your Parents & Your Children",,
data-science-in-production-building-scalable-model-pipelines-with-python-weber,book,Ben Weber,Data Science in Production: Building Scalable Model Pipelines with Python,,
field-of-dishonor-weber,book,David Weber,Field of Dishonor,Honor Harrington,4
flag-in-exile-weber,book,David Weber,Flag in Exile,Honor Harrington,5
heirs-of-empire-weber,book,David Weber,Heirs of Empire,,
off-armageddon-reef-weber,book,David Weber,Off Armageddon Reef,,
path-of-the-fury-weber,book,David Weber,Path of the Fury,,
the-honor-of-the-queen-weber,book,David Weber,The Honor of the Queen,Honor Harrington,2
the-short-victorious-war-weber,book,David Weber,The Short Victorious War,Honor Harrington,3
the-palace-job-weekes,book,Patrick Weekes,The Palace Job,,
sensemaking-in-organizations-foundations-for-organizational-science-weick,book,Karl E. Weick,Sensemaking in Organizations (Foundations for Organizational Science),,
the-psychology-of-computer-programming-weinberg,book,Gerald M. Weinberg,The Psychology of Computer Programming,,
small-pieces-loosely-joined-a-unified-theory-of-the-web-weinberger,book,David Weinberger,Small Pieces Loosely Joined: A Unified Theory Of The Web,,
enemies-a-history-of-the-fbi-weiner,book,Tim Weiner,Enemies: A History of the FBI,,
a-city-on-mars-can-we-settle-space-should-we-settle-space-and-have-we-really-thought-this-through-weinersmith-zach-weinersmith,book,Kelly Weinersmith,"A City on Mars: Can We Settle Space, Should We Settle Space, and Have We Really Thought This Through?",,
the-martian-weir,book,Andy Weir,The Martian,,
structuring-an-energy-technology-revolution-weiss-william-b-bonvillian,book,Charles Weiss,Structuring an Energy Technology Revolution,,
nineteen-sixty-eight-weiss-stephen-j-weiss,book,Stephen Weiss,Nineteen Sixty-Eight,,
healthy-sleep-habits-happy-child-weissbluth,book,Marc Weissbluth,"Healthy Sleep Habits, Happy Child",,
it-takes-two-to-talk-a-practical-guide-for-parents-of-children-with-language-delays-weitzman-pat-cupples,book,Elaine Weitzman,It Takes Two to Talk: A Practical Guide For Parents of Children With Language Delays,,
restricted-data-the-history-of-nuclear-secrecy-in-the-united-states-wellerstein,book,Alex Wellerstein,Restricted Data: The History of Nuclear Secrecy in the United States,,
fluency-wells,book,Jennifer Foehner Wells,Fluency,,
all-systems-red-wells,book,Martha Wells,All Systems Red,Murderbot Diaries,1
artificial-condition-wells,book,Martha Wells,Artificial Condition,Murderbot Diaries,2
exit-strategy-wells,book,Martha Wells,Exit Strategy,Murderbot Diaries,4
rogue-protocol-wells,book,Martha Wells,Rogue Protocol,Murderbot Diaries,3
barbarians-to-angels-the-dark-ages-reconsidered-wells,book,Peter S. Wells,Barbarians to Angels: The Dark Ages Reconsidered,,
l-ron-hubbard-presents-writers-of-the-future-25-wentworth-l-ron-hubbard,book,K.D. Wentworth,"L. Ron Hubbard Presents Writers of the Future, 25",,
no-true-glory-a-frontline-account-of-the-battle-for-fallujah-west-robertson-dean,book,Bing West,No True Glory: A Frontline Account of the Battle for Fallujah,,
the-village-west,book,Bing West,The Village,,
escaping-the-rabbit-hole-how-to-debunk-conspiracy-theories-using-facts-logic-and-respect-west,book,Mick West,"Escaping the Rabbit Hole: How to Debunk Conspiracy Theories Using Facts, Logic, and Respect",,
the-hot-rock-westlake,book,Donald E. Westlake,The Hot Rock,,
born-to-kvetch-yiddish-language-and-culture-in-all-of-its-moods-the-essential-guide-to-jewish-heritage-survival-and-european-folklore-ps-wex,book,Michael Wex,"Born to Kvetch: Yiddish Language and Culture in All of Its Moods – The Essential Guide to Jewish Heritage, Survival, and European Folklore (P.S.)",,
untypical-wharmby,book,Pete Wharmby,Untypical: How the World Isn’t Built for Autistic People and What We Should All Do About it,,
midnight-in-the-pacific-guadalcanal-the-world-war-ii-battle-that-turned-the-tide-of-war-wheelan,book,Joseph Wheelan,Midnight in the Pacific: Guadalcanal--The World War II Battle That Turned the Tide of War,,
killing-gravity-white,book,Corey J. White,Killing Gravity,,
night-fighter-over-germany-flying-beaufighters-and-mosquitoes-in-world-war-2-white,book,Graham White,Night Fighter over Germany: Flying Beaufighters and Mosquitoes in World War 2,,
in-the-long-run-white,book,Jonathan White,In the Long Run: The Future as a Political Idea,,
the-great-big-book-of-horrible-things-the-definitive-chronicle-of-historys-100-worst-atrocities-white,book,Matthew White,The Great Big Book of Horrible Things: The Definitive Chronicle of History's 100 Worst Atrocities,,
bridge-of-spies-a-true-story-of-the-cold-war-whittell,book,Giles Whittell,Bridge of Spies: A True Story of the Cold War,,
the-inheritance-of-rome-illuminating-the-dark-ages-400-1000-wickham,book,Chris Wickham,"The Inheritance of Rome: Illuminating the Dark Ages, 400-1000",,
rat-queens-vol-1-sass-sorcery-wiebe-roc-upchurch,book,Kurtis J. Wiebe,"Rat Queens, Vol. 1: Sass & Sorcery",,
uncanny-valley-wiener,book,Anna Wiener,Uncanny Valley,,
the-boys-of-67-charlie-companys-war-in-vietnam-general-military-wiest,book,Andrew Wiest,The Boys of '67: Charlie Company's War in Vietnam (General Military),,
vietnams-forgotten-army-heroism-and-betrayal-in-the-arvn-wiest-james-webb,book,Andrew Wiest,Vietnam's Forgotten Army: Heroism and Betrayal in the ARVN,,
the-mountain-is-you-transforming-self-sabotage-into-self-mastery-wiest,book,Brianna Wiest,The Mountain Is You: Transforming Self-Sabotage Into Self-Mastery,,
understanding-by-design-wiggins-jay-mctighe,book,Grant P. Wiggins,Understanding by Design,,
pilgrim-machines-wijeratne,book,Yudhanjaya Wijeratne,Pilgrim Machines,,
the-salvage-crew-wijeratne,book,Yudhanjaya Wijeratne,The Salvage Crew,,
the-art-of-making-memories-how-to-create-and-remember-happy-moments-wiking,book,Meik Wiking,The Art of Making Memories: How to Create and Remember Happy Moments,,
the-integral-vision-a-very-short-introduction-to-the-revolutionary-integral-approach-to-life-god-the-universe-and-everything-wilber,book,Ken Wilber,"The Integral Vision: A Very Short Introduction to the Revolutionary Integral Approach to Life, God, the Universe, and Everything",,
storyteller-writing-lessons-more-from-27-years-of-the-clarion-writers-workshop-wilhelm,book,Kate Wilhelm,Storyteller: Writing Lessons & More from 27 Years of the Clarion Writers' Workshop,,
where-late-the-sweet-birds-sang-wilhelm,book,Kate Wilhelm,Where Late the Sweet Birds Sang,,
grab-their-belts-to-fight-them-the-viet-congs-big-unit-war-against-the-us-1965-1966-wilkins,book,Warren K. Wilkins,"Grab Their Belts To Fight Them: The Viet Cong's Big Unit War Against the U.S., 1965-1966",,
hardwired-williams,book,Walter Jon Williams,Hardwired,,
solipsystem-williams,book,Walter Jon Williams,Solip:System,,
the-praxis-williams,book,Walter Jon Williams,The Praxis,,
voice-of-the-whirlwind-williams,book,Walter Jon Williams,Voice of the Whirlwind,,
all-clear-oxford-time-travel-4-willis,book,Connie Willis,"All Clear (Oxford Time Travel, 4)",,
blackout-willis,book,Connie Willis,Blackout,,
doomsday-book-willis,book,Connie Willis,Doomsday Book,,
to-say-nothing-of-the-dog-willis,book,Connie Willis,To Say Nothing of the Dog,,
consider-the-fork-a-history-of-how-we-cook-and-eat-wilson,book,Bee Wilson,Consider the Fork: A History of How We Cook and Eat,,
spin-wilson,book,Robert Charles Wilson,Spin,,
the-affinities-wilson-teresa-nielsen-hayden,book,Robert Charles Wilson,The Affinities,,
the-chronoliths-wilson,book,Robert Charles Wilson,The Chronoliths,,
douglas-a-4-skyhawk-attack-and-close-support-fighter-bomber-pen-and-sword-large-format-aviation-books-winchester,book,Jim Winchester,Douglas A-4 Skyhawk: Attack and Close-Support Fighter Bomber (Pen and Sword Large Format Aviation Books),,
atlantic-great-sea-battles-heroic-discoveries-titanic-storms-a-vast-ocean-of-a-million-stories-winchester,book,Simon Winchester,"Atlantic: Great Sea Battles, Heroic Discoveries, Titanic Storms & a Vast Ocean of a Million Stories",,
krakatoa-the-day-the-world-exploded-august-27-1883-winchester,book,Simon Winchester,"Krakatoa: The Day the World Exploded: August 27, 1883",,
the-perfectionists-how-precision-engineers-created-the-modern-world-winchester,book,Simon Winchester,The Perfectionists: How Precision Engineers Created the Modern World,,
autonomous-technology-technics-out-of-control-as-a-theme-in-political-thought-winner,book,Langdon Winner,Autonomous Technology: Technics-out-of-Control as a Theme in Political Thought,,
the-ultra-secret-winterbotham,book,F.W. Winterbotham,The Ultra Secret,,
priceless-how-i-went-undercover-to-rescue-the-worlds-stolen-treasures-wittman-john-shiffman,book,Robert K. Wittman,Priceless: How I Went Undercover to Rescue the World's Stolen Treasures,,
the-claw-of-the-conciliator-wolfe,book,Gene Wolfe,The Claw of the Conciliator,,
the-shadow-of-the-torturer-wolfe,book,Gene Wolfe,The Shadow of the Torturer,,
radical-chic-mau-mauing-the-flak-catchers-wolfe,book,Tom Wolfe,Radical Chic & Mau-Mauing the Flak Catchers,,
the-right-stuff-wolfe,book,Tom Wolfe,The Right Stuff,,
fire-and-fury-inside-the-trump-white-house-wolff,book,Michael Wolff,Fire and Fury: Inside the Trump White House,,
in-pharaohs-army-memories-of-the-lost-war-wolff,book,Tobias Wolff,In Pharaoh's Army: Memories of the Lost War,,
the-machine-that-changed-the-world-the-story-of-lean-production-womack-daniel-t-jones,book,James P. Womack,The Machine That Changed the World : The Story of Lean Production,,
the-first-days-of-school-how-to-be-an-effective-teacher-with-cd-wong-rosemary-t-wong,book,Harry K. Wong,The First Days of School: How to Be An Effective Teacher [with CD],,
bang-bang-bodhisattva-wood,book,Aubrey Wood,Bang Bang Bodhisattva,,
fear-trump-in-the-white-house-woodward,book,Bob Woodward,Fear: Trump in the White House,,
the-invention-of-science-a-new-history-of-the-scientific-revolution-wootton,book,David Wootton,The Invention of Science: A New History of the Scientific Revolution,,
caine-mutiny-the-wouk-john-thompson,book,Herman Wouk,"Caine Mutiny, The",,
envisioning-real-utopias-wright,book,Erik Olin Wright,Envisioning Real Utopias,,
generation-kill-devil-dogs-iceman-captain-america-and-the-new-face-of-american-war-wright,book,Evan Wright,"Generation Kill: Devil Dogs, Iceman, Captain America, and the New Face of American War",,
going-clear-scientology-hollywood-and-the-prison-of-belief-wright,book,Lawrence Wright,"Going Clear: Scientology, Hollywood, and the Prison of Belief",,
tank-the-progress-of-monstrous-war-machine-wright,book,Patrick Wright,Tank: The Progress of Monstrous War Machine,,
tin-can-titans-the-heroic-men-and-ships-of-world-war-iis-most-decorated-navy-destroyer-squadron-wukovits,book,John Wukovits,Tin Can Titans: The Heroic Men and Ships of World War II's Most Decorated Navy Destroyer Squadron,,
the-invention-of-nature-alexander-von-humboldts-new-world-wulf,book,Andrea Wulf,The Invention of Nature: Alexander von Humboldt's New World,,
the-verge-reformation-renaissance-and-forty-years-that-shook-the-world-wyman,book,Patrick Wyman,"The Verge: Reformation, Renaissance, and Forty Years that Shook the World",,
careless-people-wynn-williams,book,Sarah Wynn-Williams,"Careless People: A Cautionary Tale of Power, Greed, and Lost Idealism",,
unfriendly-skies-revelations-of-a-deregulated-airline-pilot-x-reynolds-dodson,book,Captain X,Unfriendly Skies: Revelations of a Deregulated Airline Pilot,,
the-march-up-country-xenophon-whd-rouse,book,Xenophon Xenophon,The March Up Country,,
system-design-interview-an-insiders-guide-xu,book,Alex Xu,System Design Interview – An insider's guide,,
the-people-in-the-trees-yanagihara,book,Hanya Yanagihara,The People in the Trees,,
winged-victory-yeates,book,V.M. Yeates,Winged Victory,,
the-element-of-surprise-navy-seals-in-vietnam-young,book,Darryl Young,The Element of Surprise: Navy Seals in Vietnam,,
how-to-live-safely-in-a-science-fictional-universe-yu,book,Charles Yu,How to Live Safely in a Science Fictional Universe,,
showstopper-the-breakneck-race-to-create-windows-nt-and-the-next-generation-at-microsoft-zachary-pascal-g-zachary,book,G. Pascal Zachary,Showstopper! the Breakneck Race to Create Windows NT and the Next Generation at Microsoft,,
snake-pilot-flying-the-cobra-attack-helicopter-in-vietnam-zahn,book,Randy R. Zahn,Snake Pilot: Flying the Cobra Attack Helicopter in Vietnam,,
heir-to-the-empire-zahn,book,Timothy Zahn,Heir to the Empire,,
the-icarus-hunt-zahn,book,Timothy Zahn,The Icarus Hunt,,
we-zamyatin-clarence-brown,book,Yevgeny Zamyatin,We,,
never-the-last-journey-zandman-david-chanoff,book,Felix Zandman,NEVER THE LAST JOURNEY,,
lenins-embalmers-zbarsky-samuel-hutchinson,book,Ilya Zbarsky,Lenin's Embalmers,,
mao-tse-tung-on-guerrilla-warfare-zedong-samuel-b-griffith-ii,book,Mao Zedong,Mao Tse-Tung on Guerrilla Warfare,,
damnation-alley-zelazny,book,Roger Zelazny,Damnation Alley,,
lord-of-light-zelazny,book,Roger Zelazny,Lord of Light,,
the-doors-of-his-face-the-lamps-of-his-mouth-zelazny,book,Roger Zelazny,"The Doors of His Face, the Lamps of His Mouth",,
this-immortal-zelazny,book,Roger Zelazny,This Immortal,,
